days,travellers,daily_cost,distance_km,target
2,1,2500,172.1013328080913,5023.0
11,4,2500,78.0149970107418,117882.0
10,5,2000,300.72548012307874,98561.0
7,4,2000,132.0289922859647,47679.0
7,3,2000,561.3305140435918,47083.0
13,5,2000,2.4018974656674574,152455.0
2,3,1500,85.91804264587294,10601.0
10,5,5000,147.88551185005608,322260.0
3,3,1800,119.37402695591703,18012.0
2,1,2000,135.46706194782618,6093.0
8,4,2000,393.6285630367071,71812.0
14,1,2000,196.50724698788952,28864.0
11,6,1800,369.014629142024,109488.0
11,4,1800,534.1547601877747,100255.0
11,3,2000,361.53405931542125,66225.0
12,3,3000,416.71967477182886,104559.0
8,4,5000,219.3019789328144,190683.0
2,2,3000,95.8430805736255,14670.0
12,2,1800,192.35043746994367,51249.0
7,3,2500,578.5695892224649,56915.0
8,2,1800,373.08683067188224,31591.0
6,5,2000,166.5066716604091,62877.0
3,1,5000,270.5491602972623,17666.0
13,5,2500,501.3078224585966,207883.0
11,3,1500,401.0661424234641,56766.0
10,4,1500,336.39170443750095,82867.0
6,1,2000,531.0977259803046,15730.0
12,3,1800,403.4637433300742,67707.0
8,5,2500,385.63783847465726,118975.0
7,2,1500,113.86088232646088,26888.0
7,1,1800,63.83320980744467,16339.0
4,4,2500,579.0852702344395,56806.0
2,1,1800,359.3150220602116,5053.0
8,2,2000,249.41004548785745,33123.0
13,3,2500,353.4124925461305,109023.0
1,4,1800,37.08717664302923,9527.0
13,4,2500,493.2763643424641,145260.0
12,5,3000,129.9873213386016,192836.0
4,6,5000,482.7276037907682,132400.0
9,1,2500,320.6270659581664,22865.0
3,3,2000,165.94320819414165,19606.0
11,1,2500,18.125968945242278,28024.0
10,1,2500,489.50001319596345,33130.0
5,2,2000,105.87608488158399,20256.0
1,4,2000,31.083069383924066,8551.0
14,6,2000,453.5266384955285,161240.0
7,5,5000,210.02593342378728,195293.0
13,4,2500,233.60040335499,157572.0
10,5,2500,148.2405523684314,155508.0
11,2,5000,515.5070872181383,116943.0
11,6,2500,178.39771566391926,181360.0
3,6,2000,126.1155418506143,38314.0
6,1,2500,185.54983580169366,16772.0
7,3,3000,121.88974510043818,66938.0
7,5,3000,190.5931324831245,109575.0
1,3,2000,49.76173372090382,6707.0
8,6,5000,95.118017471675,255785.0
3,6,2500,250.23173003768872,49237.0
11,3,3000,527.6801133539258,102311.0
10,1,2000,34.37444803337151,24716.0
13,3,3000,127.60482405601839,164094.0
11,2,2000,545.0074053249577,41852.0
6,3,5000,534.008804495953,82885.0
14,4,2000,407.67049997756476,105662.0
6,3,5000,144.2841324571428,90601.0
5,2,2500,251.88633663347144,30081.0
13,2,1500,126.73259666277903,42956.0
6,5,3000,77.15310547512195,93452.0
2,1,2500,227.9990367083349,6299.0
7,2,2000,345.49296304221014,28312.0
12,6,2000,215.95960527888315,144876.0
3,1,2500,366.49473027958186,8944.0
7,3,3000,177.75284122758327,53857.0
2,2,2500,207.51031665647417,10143.0
10,1,2000,474.4041549867658,19140.0
7,3,2500,526.9888385363148,64473.0
5,4,1800,193.22044891863123,40260.0
4,2,1500,342.9094808071657,15865.0
8,1,2000,166.89737033536082,13366.0
10,1,2000,32.00078502445651,16846.0
14,4,1800,442.7143088162448,116820.0
7,6,2500,102.6020899416902,76992.0
3,2,1500,255.4275142481503,12792.0
12,2,2500,292.2272960274941,50087.0
9,3,3000,110.68295050746354,91096.0
10,3,2000,56.733210398037755,54543.0
2,2,2000,208.80780880264237,10968.0
5,1,1800,571.371544530191,16585.0
11,4,1800,369.08135399305286,64787.0
12,3,1500,228.8461370417415,61685.0
7,3,5000,23.346492464528957,84745.0
12,2,1800,360.1639688346491,48503.0
12,6,3000,55.354584561223554,212002.0
6,4,3000,325.5264426285158,78420.0
13,3,1500,451.17030496304574,57291.0
5,2,1800,254.1512089768718,22000.0
4,5,5000,179.64689688991464,87066.0
10,6,1800,28.430540290559158,126144.0
9,1,2000,14.866725096958078,17194.0
2,6,2500,258.0159417873127,30585.0
12,5,1800,530.0071624217808,143617.0
3,1,2500,146.43766727591424,8021.0
12,5,2500,344.4333034690928,197246.0
1,1,2000,410.58349180785706,4217.0
12,1,2000,36.49792050081686,21941.0
12,1,2500,91.86022548202627,30059.0
11,3,3000,198.76607605174024,102869.0
10,4,2000,402.0559044891423,103806.0
7,3,2000,263.42106733685813,47595.0
10,1,2500,440.5170409309472,27334.0
4,2,2500,520.5587193439155,23592.0
11,6,1800,455.0233659591257,128936.0
8,6,3000,595.3483243879494,185114.0
7,5,2500,452.6166412389898,96595.0
8,1,2000,511.3075170044703,17210.0
8,5,2500,499.41981507900056,102784.0
1,5,2500,438.159457368028,19896.0
2,4,3000,481.08108999353436,26789.0
4,1,5000,560.8099367204461,20328.0
2,6,1800,285.1244271157756,34046.0
7,3,2500,382.9722143475261,55698.0
10,1,5000,308.9638329436636,55755.0
10,2,1800,510.6221923152438,29771.0
7,3,2000,258.81576172290437,48289.0
12,1,3000,491.83606268683974,37239.0
8,2,2500,479.6127450342833,41376.0
2,3,1800,577.1316608211544,18115.0
11,6,2500,149.35241955445127,158846.0
9,1,2000,425.7717059315474,15270.0
9,4,2000,454.15169858849174,88543.0
8,6,3000,561.7670956827994,162143.0
8,5,2000,544.1414508333187,87523.0
2,6,5000,344.115517025069,60786.0
8,2,2000,347.4919115183879,29156.0
12,5,1800,100.37473704253763,113003.0
5,6,2500,584.9776214542627,108061.0
9,2,2500,153.0104776220561,47365.0
1,3,2500,434.84173107077527,10774.0
5,4,3000,477.4770028831875,69492.0
7,3,1800,264.7293027668286,40715.0
14,2,2000,126.7162320174348,63243.0
4,6,1500,113.37623053181206,41645.0
4,6,5000,513.8976005409551,92483.0
6,3,5000,306.4538920491089,100012.0
14,5,3000,54.08218922296002,187134.0
12,3,2000,430.2116836577332,65060.0
1,5,1800,150.10263168301776,11734.0
4,4,1800,525.8368504505275,39095.0
12,3,3000,185.74307161798515,90529.0
1,1,1800,120.16249805408587,2482.0
12,4,3000,50.9150661329606,158706.0
4,2,3000,306.9186819825885,26605.0
13,2,2000,270.4425526909724,48808.0
5,2,2500,450.78728676188575,25434.0
7,6,1800,278.7615523158218,93071.0
10,1,2000,206.28958135462264,17371.0
2,5,2500,156.99294937976646,31974.0
8,6,1800,166.88804728198267,88631.0
8,1,2500,556.7087410966884,21973.0
11,4,2500,99.0471612526874,90905.0
14,4,1800,592.9058547342901,108362.0
10,3,1800,196.15167311533486,60660.0
6,5,2500,53.03414125049848,64791.0
6,3,2000,149.214228472719,40121.0
6,3,2500,35.04862773277122,45908.0
12,3,2500,474.01786149834953,88575.0
5,5,2000,307.5317475246633,62215.0
3,4,1800,202.19197132008054,19068.0
5,3,3000,397.22976277893747,51881.0
1,6,2000,378.38791557019215,25603.0
2,5,5000,563.9232535365542,72837.0
2,6,1800,576.7563100490278,37139.0
11,5,5000,408.41026539924314,273100.0
11,3,2000,490.6895563465011,66607.0
10,5,2000,475.45506020110713,105600.0
7,2,2000,294.78211961993986,32405.0
11,2,1800,422.67497282005013,39013.0
3,3,2500,46.95540461014212,25258.0
13,6,2500,454.81264989018416,265986.0
8,4,2500,577.0998043154206,88573.0
14,3,5000,50.98485187544306,179233.0
3,3,2500,501.66947075511274,24270.0
7,2,2000,559.7880159895627,35650.0
10,4,1800,135.71333388123725,73642.0
7,3,2000,314.88671256552226,50858.0
7,4,3000,556.7149352777931,87144.0
3,3,2500,576.1356027137807,32497.0
6,2,2500,76.72943061138982,30038.0
4,6,2500,209.40253533327038,59554.0
5,3,5000,418.886784690514,76267.0
10,1,2500,132.9350996315582,22115.0
9,3,1800,194.8623771806885,64673.0
9,4,2500,13.974636002815966,89186.0
6,1,1800,92.11300855871933,12067.0
14,2,2500,337.3976966506463,68163.0
2,1,2000,391.85403978250963,4907.0
5,4,2000,389.34709865750216,44950.0
2,5,2000,467.01628246693,33485.0
5,6,2000,249.16884824327488,61983.0
14,3,1500,164.09442974469331,58525.0
6,6,2000,9.348420025514992,73584.0
13,2,3000,123.97789563143213,83867.0
7,5,2500,187.43268732122235,111133.0
10,4,2000,106.92411388827932,85254.0
7,5,2000,12.086682897961353,75885.0
4,5,2500,94.46856519911495,56567.0
11,4,1500,399.6597321405434,63040.0
14,2,2000,377.7512498835575,52579.0
4,4,2000,561.4101836388255,35984.0
11,5,3000,478.90097483838554,148787.0
4,6,5000,340.6536701047147,141014.0
11,6,3000,82.53380849592679,207064.0
12,2,2500,338.4430913550941,63309.0
7,4,2500,36.95703654850846,51717.0
11,1,2500,258.5309384465117,36516.0
4,5,2500,234.15517736831725,49119.0
2,6,3000,256.688285617765,53931.0
2,1,1800,167.89555103687232,3590.0
7,4,2000,411.49826857429423,56771.0
13,6,2500,504.56668037926767,159000.0
2,6,5000,461.1101955593865,74223.0
7,3,1500,376.65125747452817,31561.0
10,1,2000,323.006879599808,18720.0
3,6,1500,18.65050800481822,23280.0
11,6,5000,433.76039921515275,373693.0
5,4,2500,326.98976374709844,60154.0
12,6,3000,162.44463039833212,273311.0
9,1,2500,196.705223312065,21447.0
8,4,2000,561.3640718818448,74924.0
3,1,2000,374.6173470703362,6424.0
7,6,3000,285.547460794517,127618.0
12,5,5000,372.5530438250446,288892.0
1,6,1800,248.2453949913942,17718.0
11,4,2500,282.10936392180975,129378.0
7,1,3000,174.18555402460223,24437.0
11,1,2000,263.9119803549867,20838.0
10,3,5000,411.35533946274626,174658.0
7,5,1800,23.965155051881524,63144.0
5,1,2500,477.0164443776929,13858.0
9,6,2000,169.7877245167877,102940.0
2,2,1800,409.53587605949986,9795.0
9,3,2500,385.635188808036,88900.0
2,2,1800,391.5768294847832,10721.0
10,3,1800,364.8773497534817,59615.0
9,3,2000,575.461102841721,59019.0
2,1,1800,305.0064976172345,6464.0
11,4,2000,439.3914693092109,111141.0
6,5,2500,423.2695987407466,76547.0
12,6,3000,141.76054636699823,212315.0
1,2,5000,169.98350351209538,11072.0
3,6,1500,254.4102588941807,33690.0
7,6,2500,166.61875827792554,100202.0
3,6,2500,220.04585935797581,53000.0
5,3,5000,234.57636835698358,92627.0
10,6,3000,362.3187365630064,161176.0
3,4,5000,131.93402564103698,54247.0
10,1,2500,482.5751195260124,25413.0
2,2,2000,262.52181406290276,9584.0
3,5,3000,423.7464670099481,67967.0
9,1,2500,48.865488744490726,25594.0
12,3,1800,281.9792364746201,76365.0
3,5,2500,16.931719306396985,36657.0
5,1,2500,405.5459950893389,13645.0
13,3,2500,206.22604619824173,83991.0
14,2,1800,569.5516884634972,60361.0
9,4,2000,194.47452876085163,79671.0
7,2,1800,338.2835388106361,32563.0
5,6,3000,154.43254541676882,91365.0
9,1,3000,372.0675773684042,28008.0
9,6,2500,280.22541007994073,144647.0
5,5,5000,222.37695690337972,144071.0
1,6,2500,122.21360944810793,15033.0
3,6,2000,66.91280638287319,41079.0
14,2,2000,71.92748037400396,56436.0
6,6,2500,599.4240105033319,91933.0
7,4,1800,247.38643611434082,42328.0
7,6,3000,1.1578247240036754,123981.0
11,6,3000,571.7572743756086,251892.0
1,4,2000,11.98795453788759,10015.0
2,3,1800,251.1516753327202,14416.0
4,1,3000,430.48655158239353,17365.0
7,1,1800,548.759546623057,14719.0
10,3,3000,427.7317748592606,106663.0
7,5,1500,278.17545294000706,55003.0
7,4,1800,584.6652233904621,56176.0
14,3,1800,23.591629819962257,69958.0
3,2,2000,592.1353215228048,13071.0
9,4,2000,509.63493102506334,93541.0
8,4,2500,557.3580102758154,82328.0
7,6,1800,152.86345445852197,72000.0
12,5,5000,85.47484337056186,261875.0
4,4,1800,397.98916762362006,34316.0
14,6,3000,309.515662791672,320570.0
5,3,2500,313.9007764466277,53054.0
8,6,1500,554.7715070899305,69898.0
8,3,2000,372.04854399195733,50280.0
12,1,2500,186.63830106275395,27158.0
7,3,3000,240.03993385072562,74176.0
4,1,2500,80.09750105511075,10681.0
1,1,3000,115.3884241654136,3207.0
6,6,1800,86.01004212572309,67449.0
12,5,1800,486.1748047268127,111169.0
1,2,2000,422.9240807832713,8962.0
13,6,1500,318.2070105665111,133092.0
8,1,2500,224.62070017654244,22648.0
2,2,2500,401.0965741946103,9591.0
5,5,2000,487.74320861745656,59278.0
8,2,2500,528.7399294030254,56792.0
5,5,3000,328.2097369238001,95634.0
2,6,3000,491.9310730918205,38302.0
10,1,1800,306.78357204761704,18517.0
10,1,2000,284.7180535127345,18301.0
2,6,2500,519.2591133732601,52141.0
4,4,3000,231.8243617587984,53247.0
4,4,2000,237.54760742442136,32650.0
10,3,3000,182.94680717094968,92574.0
11,3,3000,311.22103697677,75133.0
11,5,1500,326.91002021367643,78169.0
14,4,5000,396.27668718627416,287595.0
11,1,3000,258.3013860657423,37668.0
5,4,2000,130.70237513015962,33344.0
2,5,2500,520.1052374483255,33819.0
9,1,2500,207.60052034280864,26336.0
13,3,2000,553.7660519041049,71115.0
14,5,2500,124.41199981587346,182437.0
4,4,2000,336.0344857417383,37674.0
4,1,2000,321.96905611767136,11409.0
1,1,1800,497.1887087561972,3686.0
2,4,2000,83.31083205049785,16980.0
8,3,2500,545.9623037504768,73742.0
8,6,3000,318.8569033032421,129338.0
6,4,1800,351.66563034861986,47549.0
5,6,1500,306.09977597866026,49561.0
12,2,3000,21.614944101759882,70980.0
7,3,2000,298.25439708395885,50464.0
12,1,2500,158.12979760619433,32739.0
14,4,1500,205.61290822669886,79789.0
5,2,2500,389.460959512284,28581.0
3,3,3000,298.6182776844636,36573.0
14,3,2500,55.93092760047627,95638.0
9,2,1800,43.82476485705536,33326.0
5,1,3000,111.3946173704222,15092.0
9,4,2500,114.5310879433342,91141.0
8,6,1800,364.9804541828189,78247.0
13,2,2500,106.68867842732568,78001.0
4,3,2000,529.0316539648624,27655.0
14,2,1500,125.85639636804788,48642.0
14,5,2000,54.67886725582958,130956.0
3,3,1800,525.4476098157882,20878.0
3,6,1800,177.1965456460398,42396.0
8,2,2500,255.25357790024148,47367.0
1,1,2500,575.4158304074654,4923.0
5,4,3000,566.6215314946643,75671.0
7,4,2000,428.9501335589507,60724.0
14,6,2000,41.36337103953282,168823.0
14,6,5000,356.00407524683845,395835.0
3,6,2500,593.4467610253547,66031.0
13,4,2500,568.1497370543883,127985.0
2,3,2500,63.60149551196572,18838.0
11,3,2500,237.5803818542212,82177.0
12,1,1800,189.3220475417036,22412.0
13,3,3000,77.83686414294333,129176.0
4,3,3000,416.87898674925657,41120.0
13,1,5000,164.30901861614205,63352.0
2,2,1800,206.9194818751787,8824.0
8,4,3000,54.215326020850775,107835.0
7,3,2000,298.78053526719935,42100.0
5,6,2000,94.90071819123389,61341.0
1,3,1800,259.2542541476935,8522.0
11,6,3000,86.0053332619809,221936.0
5,4,2500,572.3099339700874,58452.0
10,1,1500,86.98951991828557,19067.0
6,2,5000,313.1322923103799,61342.0
6,5,1800,118.1878951913925,54779.0
13,4,2000,45.81708208356554,102605.0
2,2,2500,121.3851713052589,9368.0
11,4,2000,32.864464434261656,78170.0
11,6,1500,83.63842987259329,94776.0
6,3,2500,296.0904946579302,55643.0
4,1,1800,391.0893126345445,8730.0
1,2,5000,52.40388904307007,9831.0
14,6,2000,264.61117434256107,201997.0
14,5,2500,348.7482137120112,219206.0
4,6,5000,140.5354057266369,143431.0
1,6,2000,223.24704690961522,15669.0
2,1,2500,43.100921840165185,4874.0
1,2,5000,132.07864813985694,13745.0
12,1,2500,280.051755551364,32034.0
13,1,2000,594.2653073551934,27480.0
3,6,3000,597.75903776348,74499.0
11,6,2000,587.7730086745728,164879.0
3,1,5000,253.85183178019653,14954.0
6,5,1500,48.40822704879901,47195.0
9,4,2500,194.14406234960012,104056.0
11,1,1800,142.62862522258638,17723.0
13,6,1800,8.475944945912751,140812.0
1,6,2500,57.14016617302524,14322.0
3,4,2500,271.9151610294397,30526.0
4,5,1800,203.7974782825782,37457.0
5,3,2500,108.21223298068983,41085.0
14,5,1500,429.6599823952483,109287.0
11,3,1800,214.26935753797113,57332.0
5,6,5000,511.1207134479266,163274.0
14,1,2000,144.5862961578704,24904.0
7,2,1800,323.0360940519748,29251.0
8,6,1500,110.48353028950947,85507.0
7,2,2000,297.1803698315052,30090.0
3,2,2000,91.47990538703172,12426.0
14,5,1500,96.94717462291315,111840.0
1,2,3000,367.3340262252094,7007.0
3,4,2500,158.27162530546005,34697.0
4,2,2500,103.42033593854838,30220.0
4,2,1500,557.8609500810439,16222.0
2,6,2500,25.80195044403064,30185.0
1,2,2000,339.0888676175323,7339.0
10,1,2000,328.95830509995915,25969.0
14,5,2000,150.36532464183588,160757.0
2,6,2500,271.6630470676907,28196.0
5,1,3000,52.64266984958128,16274.0
8,5,1800,432.76208755433134,109817.0
13,4,3000,133.01828902609392,170392.0
10,5,5000,116.03121589593354,219675.0
11,1,2500,188.92708696650183,29228.0
9,6,2000,541.4219521578852,103758.0
6,4,1800,477.87998897012557,58953.0
3,6,1500,568.1353746802546,36232.0
13,3,3000,391.1774076198513,122783.0
12,6,2000,397.7529066192526,138527.0
1,4,2500,288.01859965573016,13681.0
11,1,3000,543.1117940201852,42039.0
2,6,2500,306.5262895621974,37823.0
11,5,1500,213.0360424770148,81130.0
12,2,3000,384.2250059505991,65434.0
2,4,2000,327.68369604057807,16970.0
7,3,1800,74.41188918593728,33298.0
2,4,5000,235.63524834745772,44362.0
8,6,1800,187.99524665668798,102260.0
13,6,2000,508.1002650066791,157257.0
2,2,5000,227.30553418386526,26343.0
6,6,5000,492.93313958333556,176005.0
14,3,1800,265.43375634056736,76567.0
5,5,5000,452.100338067366,117755.0
2,5,5000,81.16915710671395,58141.0
7,3,2500,554.7901317950774,76089.0
8,3,1800,288.33593447935095,37768.0
10,3,2000,155.87894737578384,59353.0
5,6,2500,144.8937638188841,91340.0
14,3,2500,159.04637314498316,89868.0
8,2,5000,220.0345037507806,87514.0
5,3,1800,430.51171960537005,37244.0
14,2,2500,569.7618257404762,75261.0
13,3,1500,401.4224580741793,67639.0
7,1,2000,328.29976256646046,18916.0
1,1,1800,269.1586848102808,3634.0
9,5,1800,496.9166802225699,90265.0
8,1,1800,509.79432146764196,15422.0
3,4,3000,175.82260465969114,34756.0
9,5,3000,572.0521491920581,164656.0
12,5,2000,237.06921792382926,105808.0
2,3,2000,480.04684151491665,17230.0
11,2,2500,580.09192684934,60380.0
2,6,3000,422.19486051336673,43430.0
11,6,2500,96.93043587071624,173040.0
6,4,1500,351.6821731043585,56627.0
1,1,2000,71.26627385734704,2252.0
14,1,5000,473.4852239213558,68234.0
3,2,1800,168.78910432432977,13725.0
9,1,2500,417.1288938360112,24873.0
3,6,2000,546.0538044781193,58363.0
14,2,1800,108.60591040210343,52292.0
11,2,2000,235.71470316070005,44538.0
12,6,1500,388.27127284413973,94712.0
7,5,2000,251.79515568570068,61781.0
7,2,1500,104.89136497482914,17521.0
9,3,2500,17.4429685012782,70863.0
11,4,2000,243.95888622117775,78044.0
12,4,2000,389.5254159491522,118857.0
1,6,2000,344.39052489149316,20339.0
10,6,1800,93.74474385638545,107066.0
2,6,2000,270.416066320432,27554.0
5,1,2000,221.68262770875168,11731.0
12,2,2000,164.52144137603992,44778.0
4,4,2000,437.56274631623353,34652.0
12,1,2000,185.7912180163106,28536.0
7,3,2500,324.0851713998175,58840.0
4,1,1800,553.9341211617699,9154.0
5,6,3000,323.56558935214946,105588.0
8,1,5000,370.2137460963365,41525.0
11,1,3000,43.94759170053084,34736.0
9,2,3000,106.88048624504178,49733.0
14,1,2000,60.57071957886808,36208.0
13,4,5000,458.88776901350406,249379.0
11,3,1800,501.5526485501054,78849.0
9,6,2000,111.87317591674659,108205.0
5,2,2500,131.56305055385462,28702.0
6,4,2000,193.92437369566971,55810.0
2,4,3000,354.64657017230127,34053.0
6,4,2500,373.0777162800117,59639.0
13,5,2000,412.0523751248746,157287.0
6,2,5000,543.1156537280775,80305.0
2,4,3000,177.02408429792288,26012.0
10,5,2500,395.2553935240654,133460.0
14,6,2000,335.8337074666153,165341.0
13,4,1500,183.50234424754026,77640.0
4,4,2000,544.449111956204,49993.0
7,6,2000,57.2900471755305,75682.0
8,4,1800,427.2006160992309,57547.0
4,6,2000,436.7242278135612,70953.0
4,1,3000,549.1959166139769,15302.0
4,3,1500,311.14835541081214,28031.0
14,1,5000,192.97340293154755,67048.0
11,1,2500,496.64440191601227,29937.0
12,3,2000,462.4861690994356,71639.0
12,2,1800,300.18936865168223,46392.0
14,3,1800,460.7144253802866,65572.0
2,3,1800,160.72536124635647,13819.0
13,4,1800,353.7037982420807,103188.0
1,6,2500,519.1100728727253,27270.0
7,6,2000,190.7907027699075,84525.0
9,3,2000,290.12998945844595,51630.0
6,2,3000,570.6269125037337,44267.0
3,5,5000,478.927105183042,73490.0
3,1,2000,532.2234121983316,8644.0
12,4,1800,231.14823653426782,115565.0
5,3,5000,597.9031557807353,98210.0
5,2,1800,91.53936281028778,15637.0
13,4,1800,311.2623499297854,92431.0
3,2,2000,287.56402937774965,15042.0
13,2,2000,479.0593144800807,55364.0
13,4,1500,545.1706635090072,73317.0
9,2,1800,438.68362614483584,37609.0
3,5,2000,376.08974167818167,37477.0
3,1,1800,256.4575145091022,8085.0
4,3,5000,306.1955502454405,61769.0
9,5,2500,305.5801879348931,136458.0
3,2,3000,12.221084210626598,15545.0
7,5,2000,301.8274828966066,67212.0
2,5,1800,513.5824801044749,30829.0
8,6,1800,425.5644066853489,110031.0
1,2,1500,477.42517327500286,6079.0
10,5,3000,234.29099386111258,155133.0
1,6,2500,317.38394214777486,19162.0
3,5,1800,20.090141398260286,26812.0
3,2,1500,229.79876530160615,11983.0
12,5,3000,284.6496269355864,176249.0
1,1,1800,153.125339759449,2341.0
7,4,1500,18.74458739438989,36937.0
9,3,1500,414.24486526737127,42067.0
8,4,3000,261.0526505093059,123706.0
10,4,1800,249.40691586734053,76658.0
12,1,2000,149.99205241710533,21812.0
6,4,1800,322.69823939881024,46570.0
12,6,2500,262.8160687624389,153808.0
5,3,1500,284.3906838174546,22943.0
14,2,2000,348.5228090618292,69213.0
8,6,2000,3.7947883438412155,94462.0
11,1,2000,544.6175421230536,30336.0
13,3,2000,42.65243816704876,77619.0
12,4,3000,270.5548483895967,147690.0
12,3,1800,124.42372514362884,71593.0
8,6,2500,314.2694216219252,92549.0
1,3,2000,168.1380652782827,8217.0
7,6,1800,516.0038988375624,87468.0
3,1,5000,237.81590037745215,19065.0
13,5,3000,383.2533334610624,227538.0
4,4,2500,149.32783688872738,36998.0
4,2,2500,11.643690296410503,23323.0
4,2,1800,242.49272136796566,15834.0
9,5,2500,321.8918937349741,106705.0
8,4,3000,275.72829075705016,102815.0
14,4,2000,577.2086182913159,118321.0
6,1,2000,424.103504307617,16473.0
4,4,1800,597.4018803752372,39959.0
1,6,2000,177.03605418838316,16655.0
1,1,2000,473.43196776428795,4338.0
6,3,2000,333.33508052796833,45605.0
13,3,2000,367.05621266909964,90529.0
8,6,3000,591.5119202653966,187574.0
13,2,1500,392.39231985067016,45332.0
2,3,1800,539.2901354021507,17622.0
2,5,2500,435.45014083154825,39113.0
12,1,2500,76.43167303485004,29977.0
2,5,1800,419.6542261933875,26499.0
1,5,1800,290.58935321128916,18211.0
6,5,3000,551.2787957894054,122732.0
13,4,5000,484.1006683142731,267483.0
10,5,2000,62.48081256433513,95886.0
2,5,2500,80.34938619213507,31714.0
12,6,1500,41.766601079163344,119991.0
12,3,5000,295.94692484677046,190636.0
12,3,2000,48.463055524411814,69832.0
13,4,2500,434.20700194481645,142508.0
4,2,2000,331.4151488702596,18603.0
14,6,2000,501.53101053188544,166241.0
5,5,1800,167.87747320278976,49112.0
12,4,3000,311.4844704966844,153805.0
9,2,2500,70.48781154632661,43557.0
11,3,1800,530.7660015901682,73304.0
9,3,2500,105.00297737390298,80261.0
9,4,5000,61.417350810243,203322.0
9,5,5000,123.03035911390998,220044.0
11,5,2000,483.7388932337889,131037.0
11,6,2000,63.48871661080968,134779.0
2,6,1800,368.65649690289956,26251.0
12,5,3000,447.7087803690754,204841.0
8,3,1800,450.64869628972264,49468.0
5,4,2000,114.03653196487869,57095.0
8,3,2000,36.974399026567205,57701.0
14,4,1800,269.2838302633306,114472.0
13,5,2000,121.49120714672765,136449.0
12,3,3000,419.5624854083628,115277.0
7,4,1500,214.0156797932526,40270.0
11,1,1800,269.61236461987926,16946.0
6,5,5000,68.09095986102709,136315.0
10,3,3000,340.530171928915,93549.0
9,3,2000,111.31451377914439,42981.0
4,4,1800,407.39139654896223,33085.0
4,2,2000,42.701293528736215,15863.0
1,4,1800,585.536755368794,16146.0
2,5,2500,410.716187151487,30679.0
7,3,2000,109.0377406871557,41569.0
7,1,2500,8.456787277113476,21563.0
3,3,3000,200.67773532313126,31840.0
6,2,2000,91.68795843132445,23125.0
9,3,3000,131.0467998717276,81898.0
4,4,2000,523.6501550627337,40241.0
5,1,2000,361.9227960305097,10440.0
6,5,2500,105.87459181733969,70318.0
8,2,3000,333.9956404124693,57205.0
6,6,5000,153.46839205499595,174660.0
11,5,2500,585.7205186148535,130846.0
5,2,2000,19.654338158217154,20053.0
7,4,3000,439.39105330068907,92329.0
6,1,1800,463.7982157148564,9988.0
3,1,1800,40.29765837462016,5534.0
10,6,2500,103.12161853881095,169213.0
4,5,1800,230.58399546237453,42871.0
5,1,3000,520.8928959174407,22325.0
12,2,1500,322.1999630510996,44827.0
14,2,1800,393.1841100043743,63714.0
10,3,1800,469.80770127410557,83454.0
13,2,1800,496.87367300251196,55611.0
12,2,2500,285.77072585020863,63517.0
7,4,2000,305.2758832640888,68431.0
11,2,3000,430.80351425266764,64939.0
5,6,1800,158.00541524137583,58544.0
7,5,2000,512.6938418193147,74252.0
8,5,1800,12.472094685504942,75784.0
14,2,1500,117.4629613258348,39709.0
12,5,2000,480.1199658219019,119348.0
7,6,3000,204.15492713560334,137558.0
10,2,2000,89.89969961538358,40052.0
3,5,5000,112.05285342684199,61291.0
12,3,2000,318.4538411616417,63670.0
8,5,3000,507.70891760699266,113414.0
8,3,2500,42.390429462666354,54425.0
11,5,2500,18.288545474789643,144895.0
9,1,1800,279.1008815021059,17777.0
2,3,1800,573.7124490321809,20096.0
5,2,5000,167.40588204847583,56193.0
3,2,5000,575.502323440229,39354.0
11,2,3000,532.6087059540008,75582.0
1,3,2000,169.8810458325067,8243.0
3,1,3000,490.16883855368803,12506.0
9,5,2000,411.5203815412913,109689.0
10,4,1800,307.0934333428543,80464.0
8,5,3000,253.74968582572484,145684.0
13,5,1800,489.301653555274,95680.0
13,1,1800,475.84765961701277,24437.0
2,1,3000,454.1618015655355,7535.0
14,3,2500,598.9535707291775,128830.0
9,3,1500,287.10747656483034,53065.0
9,2,2000,484.1537866919495,33505.0
2,5,2000,517.487020190087,35950.0
9,4,3000,126.96154887221036,95602.0
11,5,1800,25.23986523183659,86770.0
9,1,3000,242.8490413131478,27196.0
2,5,2000,514.0420106620655,29146.0
8,2,2500,173.46196871670614,34328.0
14,3,1800,420.00609244045444,87181.0
11,3,2500,4.408883438557609,89565.0
2,5,2500,213.21865939214263,33210.0
14,2,3000,369.3100168548907,82547.0
14,2,5000,77.85431404340213,139956.0
3,3,1800,537.9641472884604,22573.0
12,3,2000,93.76438627024754,89544.0
6,2,2000,545.8761270023969,20189.0
9,2,2000,129.83358520978481,33021.0
7,2,5000,596.5672043495044,74822.0
11,3,1800,362.84922797735453,55967.0
14,3,1500,50.60693666298677,61666.0
12,3,2000,39.16634068719591,71382.0
14,5,2000,44.95301775568126,130206.0
14,2,2000,353.93564837457114,59288.0
2,6,2000,485.7475213964311,38450.0
4,5,2000,241.77764506230343,43582.0
11,2,2000,266.9014555691171,43693.0
9,2,1500,353.5726221987768,29241.0
1,2,2500,319.82436287181343,7552.0
2,2,3000,412.8370398607621,12419.0
8,3,2500,283.07143209781594,67007.0
9,1,2000,428.3164110384405,18675.0
3,1,3000,598.3864455279804,13256.0
3,3,2000,210.17870534925896,22031.0
2,5,1800,7.329277749210483,20882.0
8,2,5000,75.37502733099286,71394.0
1,6,2500,332.1085109921723,21969.0
9,3,3000,206.55467228679123,71916.0
7,6,1800,563.9895562229955,81903.0
7,2,5000,376.4676540644298,84849.0
10,4,1800,312.21311157928073,92042.0
8,5,2000,478.82370076321126,78047.0
11,1,5000,155.1539226294571,52644.0
11,6,5000,491.84312416941583,338693.0
13,3,1800,1.836662918455767,75334.0
12,3,2000,371.8064172814306,61906.0
8,4,1800,560.8542906274673,54924.0
7,4,2000,472.71597122032205,67410.0
4,1,1800,512.1805152884156,7320.0
9,6,1800,238.1728171029003,97544.0
2,4,1500,494.5433676600758,20304.0
14,6,2500,330.49899901815996,229078.0
12,3,2000,371.12414190191936,75164.0
2,4,2500,35.3492036014821,19682.0
12,3,2500,120.93101830463529,101206.0
2,6,2500,330.57864930813156,39255.0
11,5,2500,35.28063469409859,127881.0
2,6,3000,444.86808395262796,46889.0
7,4,3000,504.03420511314096,96397.0
10,5,3000,552.2174167768829,197921.0
11,3,2500,61.06107550788356,91469.0
6,3,2500,563.8321488136801,59888.0
13,5,1800,40.57200457757699,109488.0
11,1,1500,284.4337295566892,16562.0
3,5,2500,504.15061237668704,46258.0
10,1,2000,42.18668313867322,19824.0
11,4,3000,10.93864379339018,117116.0
5,3,5000,14.968631223990414,87513.0
11,3,2000,306.76214366162014,77473.0
13,3,2500,486.9580467579978,99621.0
12,3,3000,76.45600264355978,117636.0
11,3,2500,74.76615244772438,85658.0
9,3,3000,341.12811302987495,92771.0
4,4,2000,140.5773604871542,29147.0
12,5,2000,438.12824108692433,126531.0
6,4,5000,569.7812329060499,128220.0
8,4,2500,459.62004396024787,94142.0
5,6,3000,526.3052198273499,95176.0
5,6,2000,311.7516345430022,49992.0
3,1,2000,499.39158253052,7024.0
14,5,2500,109.74191039200943,175901.0
3,2,1800,41.00873423737643,11214.0
2,2,2500,393.57186607481157,16093.0
14,5,2500,31.171502254833563,188344.0
8,1,1800,535.4888514838083,16705.0
7,6,1800,414.93248826445114,85226.0
11,5,2500,571.3204352453472,170026.0
6,6,3000,188.3319937879414,104828.0
2,5,1800,291.6949855209725,23436.0
11,6,2500,445.01421902707136,154154.0
3,1,1500,145.66739127649234,6026.0
8,6,2500,325.1092920670001,133966.0
14,1,2000,395.68036500328685,27175.0
14,2,2500,587.2851926682248,73679.0
6,1,2500,446.82197654543086,17846.0
11,3,2500,70.8785101674444,80880.0
9,5,2000,285.2000708299862,89759.0
7,2,1800,353.26246979374326,25910.0
2,5,3000,87.97388571861164,33078.0
6,4,2000,259.179634188647,49954.0
10,4,2000,170.4034898014938,78342.0
14,6,2000,71.29652535721559,144571.0
1,3,2000,307.2251600780727,9777.0
11,3,2000,99.37984860740725,65747.0
12,6,2000,354.322445151434,146730.0
14,4,1800,101.81815934511927,104902.0
6,4,1800,434.1569541616926,54856.0
2,2,2500,117.14497381780224,11898.0
4,2,1500,537.7710604656897,17420.0
12,2,1800,15.72561392928531,42092.0
13,2,1800,313.1984322274416,46062.0
9,2,5000,192.06285953192815,80759.0
2,5,2000,135.04591546475447,21141.0
2,1,3000,282.96166749908883,7149.0
7,4,1500,505.21172179455647,45574.0
9,6,2000,549.1663233159892,122585.0
1,5,2000,181.94917088870744,12147.0
10,3,2500,92.54617325704275,62356.0
8,1,2000,432.0842685397843,19560.0
1,6,5000,349.199235273593,36257.0
2,1,3000,120.60968920653595,5863.0
7,5,1800,456.17747285246196,63252.0
11,5,1800,311.35826114528464,110707.0
12,2,2500,392.03711970444454,74462.0
7,5,5000,215.60342037803323,170845.0
5,2,1800,263.4585367814256,19594.0
14,2,1800,108.20525902496532,58301.0
7,5,2000,453.90952058720455,63636.0
5,6,2000,94.20679449107512,78835.0
7,2,2000,466.9815568506368,42553.0
1,6,1800,478.80471293075163,16110.0
5,6,2500,447.960578433073,84754.0
8,5,3000,11.653672835244254,110295.0
13,1,1500,163.87992756400413,19525.0
11,2,2500,281.0026456750882,54445.0
11,5,3000,357.32662723007746,189759.0
8,6,1500,551.5332596214301,84093.0
2,5,2500,225.36358327722138,26452.0
6,3,2500,525.0139912643725,50251.0
14,2,2500,98.05757288210192,75295.0
1,6,3000,222.7682925051762,20255.0
13,2,2000,31.3692064927938,42884.0
10,3,2500,445.4935746333733,102051.0
4,6,3000,90.39165445974777,68666.0
11,4,1800,154.21200938907467,80332.0
12,2,2000,465.1399513159289,49310.0
1,1,2000,320.83003045362597,3507.0
2,3,2000,8.38363165107754,14969.0
10,6,5000,1.341122848438281,321656.0
14,3,2500,306.3963790439382,90575.0
1,5,3000,182.9733082495169,15804.0
10,2,3000,108.18686759710627,58020.0
2,5,2000,368.15636262966655,26496.0
10,5,5000,137.06188303045624,205559.0
9,4,2000,355.32428981096876,85711.0
2,5,2000,227.55957035176374,21551.0
10,4,1500,112.04773060187382,73920.0
13,3,3000,82.8628427212492,146806.0
13,5,1500,142.11636187637285,97397.0
1,6,3000,17.89926480779105,19426.0
4,6,1500,184.87617722176105,34880.0
4,2,1800,541.1728141090765,20185.0
7,5,1800,498.817275529817,68741.0
3,1,3000,223.20225403179535,8683.0
12,4,2000,345.5001711490823,98063.0
11,4,2500,340.4163354084351,109171.0
12,3,3000,497.2425235162274,109606.0
3,6,1500,141.77406091017937,34072.0
1,6,2500,177.83249327580742,17535.0
13,1,2500,181.0712602473669,40914.0
5,2,2000,24.5219938630046,17227.0
10,2,3000,188.8127179735153,74669.0
13,6,2000,526.7482659528042,149276.0
1,4,2000,547.1925885428886,16753.0
1,5,2500,65.78120746113024,13026.0
1,5,3000,274.83512497105886,19668.0
3,5,5000,228.80934095258348,87608.0
1,1,2500,293.61551797403274,4399.0
12,1,2500,332.8317144352063,36143.0
9,3,2500,12.15525601064764,64438.0
14,3,2500,505.34534875269645,113547.0
12,5,2000,584.198443904003,119888.0
14,1,3000,392.0428872021854,38681.0
4,3,1500,396.2713430960215,19831.0
5,2,2000,316.7879146984251,21382.0
12,2,2000,200.56404702862903,51113.0
4,2,2000,89.38669450771266,13288.0
1,2,2000,350.4380056176304,6766.0
10,4,1800,26.964842105524234,86883.0
12,3,2000,494.7015406151244,89168.0
14,3,2500,252.54701968236927,100705.0
13,3,2000,248.8525344971849,68488.0
2,5,5000,196.30251508554346,56985.0
11,6,1500,581.6123332191519,85535.0
12,4,1800,104.9501716624313,100630.0
10,4,1500,90.78469288512669,59898.0
12,5,2000,99.31890092701809,151967.0
12,5,2000,395.1164897104584,103963.0
7,1,2000,595.137191237759,18288.0
1,6,2000,141.2851022410528,15206.0
7,1,1800,543.3704382404927,14198.0
3,3,2500,167.16993552490345,20791.0
2,4,2500,388.7399520751801,28163.0
2,3,2500,24.299371160020634,16584.0
10,2,1500,297.3923847457134,40114.0
8,6,3000,392.74197976738907,173154.0
8,1,1800,321.79186633357716,14608.0
11,2,1800,142.70123092907468,36118.0
8,6,2500,497.0981689607493,111950.0
9,5,3000,582.0819067429442,174999.0
2,1,2000,275.51765741523917,4647.0
12,5,2000,381.55155911355223,152440.0
7,6,1800,474.2479610073435,92639.0
3,1,1500,144.89343637307638,5285.0
12,3,1800,518.6702291572713,68456.0
11,3,1500,168.1205431859985,55768.0
1,1,2000,465.4984821091433,3855.0
3,2,2000,67.25953945585323,11995.0
1,2,2000,173.03202204850183,5853.0
4,2,2000,320.1719603639206,18243.0
2,3,1800,314.9532574225891,13248.0
10,3,2500,510.2587106918197,87178.0
8,2,5000,597.6763545831643,84133.0
14,2,2000,64.32650751608438,59929.0
11,2,2500,162.83287969502223,53318.0
9,5,3000,214.5589261338455,120479.0
8,2,3000,287.35104468600304,61941.0
1,6,2000,296.34584589263943,23010.0
1,4,2000,513.71703788905,18034.0
9,5,1800,462.33558167105986,86143.0
1,4,2500,11.310947422771989,9821.0
1,2,1800,273.01305634991274,6828.0
4,4,3000,370.8443029464533,51691.0
13,2,1500,276.2373522558141,38198.0
7,1,3000,78.3871536154214,26683.0
10,2,2000,238.48445021438891,41669.0
6,2,1800,246.99341707784166,29150.0
3,1,3000,112.62955346985525,7991.0
6,1,1800,453.7842686825721,13424.0
2,6,2000,192.84040808548608,36705.0
11,4,3000,353.3923743411697,138147.0
3,3,2500,309.4381085752605,25396.0
6,6,1500,526.4562475298333,57922.0
14,2,2500,73.2089591177029,80375.0
9,3,2500,68.55780495207608,62292.0
7,6,1500,180.19180147380948,66563.0
8,4,2000,258.728980875501,58758.0
11,3,2000,179.12534925128372,82149.0
4,2,3000,457.9122494371463,31775.0
9,1,1500,147.1595058655798,14035.0
13,1,2500,50.864845663346834,28474.0
9,1,1800,248.27988593048852,20673.0
7,5,2000,464.0275728830904,75875.0
3,4,1800,510.3371661520448,26068.0
4,3,2000,440.00690901801045,23699.0
14,5,3000,334.73200709984644,200532.0
8,1,1800,434.515021049506,13553.0
5,2,2500,408.8337211823168,26235.0
6,3,1800,140.6199794970365,37273.0
9,6,1800,330.45533532191627,100500.0
8,4,5000,462.3655995830592,174698.0
10,6,2500,190.27239712508293,141716.0
4,2,5000,392.38388803015886,43478.0
10,6,1800,288.8882565112791,144729.0
7,1,2500,301.895310567012,17941.0
14,2,1800,54.03302266929584,53232.0
3,4,3000,399.7302991832279,35134.0
3,1,2500,519.4122212127121,11494.0
7,6,2000,84.85877281551768,81248.0
8,6,3000,219.6633973298696,169327.0
10,4,2000,29.200472904501005,79287.0
6,2,2500,17.779131585834662,32438.0
13,1,5000,593.7950980030463,73025.0
7,4,1500,296.08290498383076,44267.0
2,4,3000,213.31141118114783,31251.0
2,5,3000,164.92624597501134,30400.0
14,4,1500,588.0075869669755,102548.0
2,1,2000,151.35047131301022,4395.0
14,1,2500,435.42503744264593,38316.0
4,5,2500,170.25485748356027,50525.0
2,1,5000,42.29370321415147,10230.0
5,6,2000,409.9659687107648,61389.0
9,1,2500,0.978508577918924,23182.0
6,5,3000,405.4491069363417,98631.0
11,6,2500,150.22595939389387,158023.0
9,3,1800,447.6625392429007,53617.0
6,1,3000,461.85010041038964,20169.0
9,6,1800,434.4643432905227,99954.0
14,2,1800,14.690064880566233,49743.0
6,4,3000,422.24197178626105,69804.0
3,6,2500,594.0873684334579,78523.0
6,5,2500,145.57522111537372,88470.0
12,1,2000,164.54314333520313,25480.0
4,5,2500,488.1159297483237,68788.0
14,1,3000,96.23808303364834,33424.0
9,5,1800,396.35020530273096,65424.0
9,4,3000,453.0158265003471,109856.0
5,2,3000,22.296397091614306,25577.0
13,3,1500,332.25725655913567,60738.0
1,1,1800,345.5263551215297,3262.0
5,6,3000,182.06573843507653,105390.0
6,2,2000,525.8068016385104,24605.0
7,2,1800,97.64983157991382,27258.0
7,4,3000,218.5168257035163,87647.0
3,5,1500,509.2012122883976,34076.0
4,4,2500,114.3856539635955,39301.0
2,4,1800,492.82448179660497,26309.0
9,4,2500,47.44150642077343,89639.0
5,6,2000,293.537440313994,82952.0
8,3,2500,45.19839746742205,55064.0
9,5,2000,406.7421510369086,107284.0
10,5,2500,474.36089343336016,133528.0
8,6,5000,509.9151289480817,242510.0
10,6,2500,588.7573504463933,177069.0
9,5,1800,403.2094333797521,85923.0
10,2,2500,461.43714830401217,39010.0
9,5,2500,303.4549669927976,82101.0
5,5,2500,547.6421407086757,85570.0
4,2,1800,386.25502931967753,20272.0
12,5,2500,530.1308437508061,201424.0
5,2,2000,141.2712102083285,21086.0
8,4,2500,298.0426684308386,72589.0
3,5,1800,437.8913526382824,34002.0
7,2,2500,121.63305273760996,36022.0
8,3,1800,126.80387595718696,39631.0
9,5,2000,586.8256442433825,123992.0
8,3,5000,260.76621644232364,161092.0
6,6,2500,109.089271754263,98089.0
14,1,1800,198.8783291889036,25962.0
8,5,1500,238.42568895955537,55447.0
12,5,2500,373.8511544821327,189588.0
11,6,1800,553.8087954286515,133307.0
8,1,1500,591.9540455532546,13878.0
13,6,2500,391.0192553466675,216533.0
2,3,3000,419.95341647863484,21476.0
13,3,2500,193.09750181795343,101592.0
12,3,1500,514.2951572692494,50608.0
8,4,2500,130.67900113218894,93530.0
11,4,1500,63.82838958658055,66187.0
8,3,1800,583.9535940585905,57698.0
4,1,2000,518.4832060923194,9834.0
12,6,2500,182.18708072288,181384.0
4,2,3000,405.1024298286295,23553.0
5,1,2500,280.2110144479197,14921.0
8,4,2500,193.87692368728253,74811.0
12,3,3000,172.0645264561769,103824.0
6,4,1800,81.61646713254389,44511.0
7,6,2500,329.5908493655035,114565.0
1,1,1800,267.9580140705047,2340.0
2,2,1800,307.3118521799666,9395.0
1,4,2500,129.21430048764267,13276.0
2,5,2000,563.1664024639487,29876.0
13,4,5000,383.1547177983249,259049.0
12,3,2500,539.7603944300021,98376.0
12,4,1800,65.56269961965326,86137.0
1,6,1800,373.7105795137049,17469.0
2,3,2500,509.6770911864967,21024.0
4,6,2000,198.55246788867998,59450.0
8,5,2500,117.08590148159183,90213.0
5,2,1500,159.0127834833718,15557.0
7,2,3000,163.76023604987938,36693.0
3,5,2500,268.3193789541211,47993.0
11,2,2000,195.57816166759895,45062.0
5,3,2000,162.76444362479478,28854.0
1,2,3000,389.10737904308274,9214.0
11,4,5000,31.819423003130677,190854.0
13,2,5000,204.21826688383797,116280.0
1,4,3000,413.8511795642849,15629.0
7,6,3000,105.50984956860357,113088.0
12,5,2000,132.55671732774744,144348.0
10,6,2000,120.39997524775048,112540.0
12,1,2500,0.5556640388429512,31729.0
6,3,1800,284.26065109894364,32392.0
6,2,3000,23.37527364967391,39640.0
10,6,5000,163.76388706494006,268720.0
3,5,2500,596.8820547551829,49671.0
4,2,2500,551.0377268341799,24564.0
9,4,2000,129.04548489380053,97932.0
10,4,2500,186.00145914835963,111069.0
2,3,3000,278.2227493611309,19873.0
8,3,2000,506.64812799554613,58713.0
6,1,2500,481.58756483585466,21877.0
8,3,3000,75.74486193976931,59959.0
14,3,2000,74.66930900901127,76733.0
2,5,1800,250.0393523364268,22356.0
14,6,2500,522.0572337682632,211666.0
7,5,1500,529.2509994573014,60616.0
11,1,1800,64.4195098119181,17152.0
6,6,1800,344.57837277933095,86478.0
5,3,2000,93.40511827506775,26237.0
11,3,1800,411.6775860016697,62813.0
10,6,2500,549.8599487573439,185018.0
3,6,1800,272.8615754853562,38808.0
10,1,2000,49.849664815230895,17960.0
11,3,5000,347.5525175367273,143893.0
6,5,1800,245.11000208151282,57299.0
13,4,2000,486.53925140037614,102077.0
9,2,5000,204.20667835583265,93918.0
5,4,2500,524.9383202835536,49359.0
1,6,2000,164.2202445808709,17575.0
10,2,2000,94.51058153321156,41325.0
3,5,1500,183.88822639114795,26781.0
11,5,2000,20.949475093647905,131264.0
8,6,3000,168.74758012454478,140473.0
7,2,2000,396.07058032921844,28569.0
3,2,2500,85.3697871339554,14685.0
10,4,5000,66.81898367195278,196477.0
3,4,2000,79.43117475261023,24997.0
6,3,2500,46.53100455687982,41236.0
12,5,3000,524.7812471057638,149435.0
13,5,2500,566.4690692979169,162514.0
14,2,2500,27.936691037271764,73322.0
14,5,5000,456.04306892612414,365041.0
8,2,2000,442.2910480303186,41040.0
3,3,2500,598.1456547660242,37527.0
12,1,2000,208.7223970326409,27204.0
12,3,2500,171.30539501424974,108668.0
14,6,2000,271.84927248589634,191345.0
10,3,2500,513.9451062895143,99654.0
2,5,3000,437.1561855227393,48379.0
8,1,2000,282.97428838050166,19203.0
7,4,1500,146.73770597152392,48271.0
12,3,2500,436.20944476102267,92918.0
6,5,3000,512.7161208253177,99758.0
5,6,1800,239.97073864049452,57385.0
2,4,2000,401.15126749259053,24154.0
12,1,3000,240.1272127059589,33900.0
11,3,2500,287.0960628848909,83997.0
1,1,2500,314.9462279729482,2834.0
7,3,5000,465.4354884133667,135987.0
7,1,2500,586.5035904773587,19328.0
7,4,2500,266.6196975829394,78439.0
13,2,2500,205.38900374856354,79383.0
3,2,2000,224.1546038834348,14299.0
5,1,2000,80.33344162510897,12275.0
3,6,2500,178.16324269063364,42454.0
4,6,1500,51.868447961283735,49660.0
13,5,5000,256.7365579075483,376137.0
14,1,2000,100.41436158662933,29124.0
1,3,1800,207.8440475846452,9366.0
9,6,2000,476.1466496349638,103801.0
4,4,1800,147.5565903534816,30100.0
3,1,2000,367.1367728052414,8882.0
5,1,2500,540.7088515491677,11720.0
3,2,1800,340.15751221772814,14462.0
7,6,3000,116.2755676634476,137284.0
14,2,3000,206.8597163795726,108487.0
9,6,2000,354.22152431043963,96346.0
11,5,2000,303.9666838559121,140813.0
7,6,5000,89.17190176614227,198365.0
1,5,2500,268.0778068143414,16929.0
2,2,2000,325.84001694614903,9160.0
4,5,2500,160.39962867454346,46696.0
4,2,2500,367.46730920391116,24078.0
12,2,5000,42.09605969112591,105300.0
12,2,2500,201.96422013931007,67340.0
12,1,2000,482.5660996665447,23947.0
9,1,2500,155.57088054489324,19990.0
8,2,2500,363.1061100018469,40272.0
10,1,3000,246.01782822618716,32262.0
6,3,2500,189.87608544914806,45731.0
10,1,1800,549.6790127460162,20282.0
12,1,1800,205.95703084823012,24378.0
11,6,3000,142.005540892211,229344.0
9,1,5000,545.5807893841622,45459.0
1,1,3000,447.5666135614889,4226.0
11,1,2500,409.0798282189184,29404.0
6,1,1800,29.720965240125487,11553.0
11,4,2500,78.72297642946549,93371.0
8,5,2000,383.0039782857977,78775.0
13,5,3000,125.65970191575613,181182.0
5,4,1500,135.38279137821544,31374.0
14,1,2000,467.4831092061664,27263.0
12,5,2500,171.55496930216557,167017.0
5,1,3000,42.9523812911496,12514.0
7,4,2500,21.85916838591666,58202.0
8,3,3000,265.90679234717265,72238.0
11,6,2500,370.2771466107876,170260.0
10,2,2500,521.3311400350817,45494.0
12,4,1800,66.48263701958356,81322.0
6,3,1800,118.00369577297778,32227.0
8,4,2000,317.8803665444827,65901.0
7,6,2000,218.46501734518503,90885.0
13,5,2500,289.5224707472968,155447.0
5,3,2000,554.4747893905293,43766.0
9,3,2000,326.9349923188123,61418.0
2,5,2000,249.07236636724556,22675.0
12,3,2000,593.6639440198469,80026.0
6,2,2500,39.12940193972179,30768.0
5,3,5000,559.2680690227031,94534.0
9,1,2000,300.9971052392898,17869.0
7,2,2500,302.2538026602829,41027.0
12,3,2000,553.1786005219255,79034.0
8,5,3000,304.3943877558417,150802.0
8,5,2000,263.0442543180893,99546.0
2,2,2500,163.4931552703194,11578.0
1,3,2000,395.2900600904525,10411.0
6,1,2500,341.7870545878569,17393.0
14,5,2000,128.60726216866985,139518.0
13,2,3000,425.64774903679483,99591.0
9,5,2000,386.4521144019843,98654.0
9,6,2000,238.40033052392448,108319.0
6,5,1500,2.640553142130342,42635.0
3,2,3000,267.9486901057126,17415.0
1,6,2500,3.6348702781510367,16129.0
5,5,1800,44.99909357942391,41598.0
5,4,2500,258.3659414885004,61759.0
3,6,2500,49.15193051119662,39543.0
4,6,2000,165.39926027229973,52769.0
1,1,2500,393.294821135381,4676.0
9,6,2500,185.16920556565142,107705.0
13,5,2000,598.5891564729062,180878.0
10,2,2500,549.7812203489887,51692.0
7,2,2000,351.1859427513142,31336.0
6,5,2500,580.1682831809583,92750.0
5,2,3000,520.8103766595133,37277.0
2,3,5000,191.33911130429223,33375.0
9,5,1800,449.75774759118565,101437.0
8,4,5000,82.09907040236841,171681.0
1,6,1800,410.73085462724464,25518.0
6,1,3000,294.64909589674824,20419.0
4,2,1500,10.09556355169483,15293.0
3,6,2000,164.53789343422244,44511.0
10,4,2500,573.2293304425491,87903.0
8,2,2500,189.4988910530884,56793.0
9,2,2000,108.8726731808644,34415.0
10,3,5000,112.51886794332499,181102.0
14,4,2500,287.5279587851694,145066.0
12,2,2000,505.58954440232094,59112.0
9,4,2500,454.8010590800079,89563.0
13,3,2500,262.1112045226646,108494.0
7,4,2000,125.23613006217633,56268.0
14,1,2500,27.638940061314663,42435.0
11,4,2500,277.57819168963863,120627.0
10,6,1500,488.865209110915,113825.0
13,1,2000,437.80919615658826,21404.0
8,2,3000,245.16046057635018,49451.0
11,5,2000,356.8216031505602,123052.0
4,4,3000,261.74791256773057,53607.0
14,5,2500,347.4096658741067,204192.0
9,4,1800,310.5031466361295,66771.0
11,5,2000,408.57996007509536,118865.0
7,4,2500,304.6253061198744,86276.0
13,1,2500,564.3665989005351,26442.0
2,5,1800,256.81690894901175,24832.0
2,3,2500,9.549781823826553,14521.0
8,1,3000,141.82412124539073,22020.0
11,3,3000,300.36411486399356,106833.0
12,3,2000,324.34311113319717,87936.0
7,1,2000,331.4308735872321,17361.0
10,6,3000,428.7312589620493,187229.0
8,2,3000,164.78888557051675,54783.0
14,2,3000,398.9422074248863,96764.0
10,3,5000,422.41936387152765,153452.0
6,5,1500,246.7684515724958,45950.0
14,5,2000,241.30145948779324,134196.0
2,5,1500,107.35487139386986,18961.0
14,2,2000,248.39242575322424,57695.0
3,6,1800,472.0897750242074,38571.0
5,5,3000,545.3838033299304,70182.0
12,3,5000,356.16791479077926,203618.0
11,4,2000,179.62220601257928,85103.0
14,1,2000,409.3738311958389,30836.0
11,5,2500,444.0877252176023,169861.0
9,6,2000,199.32766726839742,96390.0
5,3,2500,495.92871689372805,43216.0
1,4,1800,44.217499283004045,7747.0
2,3,3000,6.452230560015315,18920.0
5,1,1500,73.78246357923155,9045.0
1,4,2000,93.60500869650583,8097.0
8,5,1800,527.3574197686328,88389.0
11,6,1800,254.98902133276852,141380.0
14,6,1800,164.95901518222902,151727.0
7,3,2000,257.4450695920916,44352.0
13,6,2500,236.90453562037936,211020.0
14,4,1500,180.8770007928102,90565.0
13,4,2500,82.7397494471792,140829.0
7,4,1800,393.5492771843284,60647.0
5,6,2000,81.9626416677932,55079.0
14,5,3000,465.2546716036046,246977.0
4,1,1800,121.01280796827216,8839.0
6,1,2500,438.822784279987,17134.0
2,3,1800,483.3516634172802,13875.0
12,4,3000,75.19560586467044,143217.0
10,5,5000,52.04746097280244,256966.0
2,3,5000,569.7436623921959,32109.0
4,4,3000,277.82808405154844,50227.0
8,6,2500,378.14129698379304,108992.0
8,3,2500,13.956264073060654,64716.0
12,3,1800,167.22610833380395,68150.0
4,4,1500,303.23859273563176,23681.0
13,3,2000,531.7309880336423,88016.0
7,6,1800,162.86365053862576,78971.0
12,6,3000,465.11479191523176,241685.0
4,4,1800,397.3277569552211,33544.0
1,3,3000,69.16246068344698,8929.0
1,4,1800,176.02510367519793,9131.0
6,2,2000,142.71842186317184,23569.0
14,3,2500,265.5165525439713,108431.0
1,2,2500,381.20054582855056,8194.0
6,1,2500,260.051853305104,15677.0
2,1,2000,146.7219454510836,4360.0
14,4,2000,417.52726093696526,113780.0
10,1,2500,350.6826568268939,35673.0
11,4,5000,311.58834444941516,205110.0
10,3,3000,332.651758467587,87905.0
10,3,3000,133.14038777629412,136002.0
11,5,2000,408.2586366554737,124288.0
1,4,1800,232.50032132326098,9253.0
13,5,2500,218.08069183801177,184618.0
11,5,5000,89.84052496006231,248161.0
11,1,1800,358.10240073026785,23680.0
6,2,2000,361.5986463279039,26221.0
12,4,2500,204.180386199917,116930.0
6,6,2000,515.9100341193205,102355.0
1,1,2000,507.27473922925697,4312.0
13,1,1500,65.43258388945878,22209.0
4,6,1500,417.0230326859509,48474.0
2,6,1800,236.30085371101336,25855.0
9,2,2000,599.8289106377357,43904.0
4,3,2000,135.01417781079144,29621.0
13,4,2500,168.31452324869366,134856.0
7,2,2000,265.2637767334365,37392.0
1,2,1500,161.22908920839788,4751.0
14,3,3000,415.19601983190853,134357.0
8,4,2500,288.54486730888834,87209.0
4,2,2000,132.52730090972412,17344.0
10,3,2500,303.8244416919376,67681.0
8,2,2000,533.272659819023,35876.0
1,5,2000,475.4373881100317,20033.0
11,1,2000,299.29735465609264,22067.0
6,2,5000,173.09556188516862,63923.0
10,2,1500,107.93187882151668,30942.0
13,6,2500,527.0297263121373,227851.0
9,6,2000,426.1001642992178,128019.0
10,4,2500,343.2979818884751,107630.0
4,1,3000,527.660787572201,11976.0
4,5,2000,73.01417242445369,51399.0
6,3,2500,409.49357160124094,49071.0
12,6,2500,130.0273874479392,181352.0
8,3,5000,72.3464646095922,116001.0
5,6,1500,279.3651060041599,48761.0
11,5,1500,232.43575785861222,104889.0
12,2,2500,564.7041655951112,76193.0
13,5,2000,194.38772805108982,141221.0
5,2,2500,488.94135543120143,28541.0
10,3,5000,449.2962002810068,167376.0
9,2,2000,400.75432203512173,39555.0
7,5,1800,552.2402837760358,72374.0
6,2,3000,244.75475662880527,39530.0
2,4,2000,233.8027115897194,18723.0
4,4,2500,96.56845414890563,42822.0
8,5,2000,165.45724529704148,85376.0
13,6,1500,527.8658736365225,139398.0
13,1,2500,284.62927974682077,31230.0
3,6,2000,204.81199331442627,44555.0
10,1,2500,129.66723304930267,22889.0
2,4,5000,290.976150146169,41690.0
10,3,3000,429.9992222787173,89308.0
5,4,1800,172.01521527424524,34074.0
7,5,3000,454.6299124875925,128881.0
11,6,1500,377.8726648349511,96205.0
6,3,5000,472.53753752382255,87974.0
12,6,1800,150.54577732494738,154872.0
8,2,2500,378.6168868398272,40181.0
14,2,2000,92.24116769330514,55471.0
9,3,2500,218.27818929878205,62101.0
5,4,2000,434.61605690568075,51890.0
11,5,3000,379.00103134796154,191037.0
6,5,1500,112.71643520251318,51636.0
8,2,3000,515.0056032555175,55593.0
2,2,3000,32.01058940710912,12365.0
2,6,1800,357.12941310998974,28331.0
9,3,2500,590.2923001389638,67635.0
3,2,3000,318.90283910564915,23992.0
14,6,2000,480.40309197565244,196786.0
12,3,1800,357.1085839134613,63570.0
10,6,2000,469.85298895379555,131905.0
11,6,2500,393.35648121317234,168270.0
9,6,5000,414.6792087225172,244505.0
1,4,3000,136.68669065183045,14493.0
6,5,5000,445.0925481437506,151173.0
7,6,2500,142.74593199859845,96714.0
13,2,1800,588.3841650855529,43130.0
4,1,3000,136.6723145767228,10400.0
7,2,2500,142.01040215859376,34561.0
5,4,2500,515.2038722903185,57652.0
2,4,2500,145.79151717769147,20106.0
2,1,2000,216.54167609476977,5261.0
6,4,3000,428.78409670741615,78243.0
2,2,2000,95.24914811685794,9390.0
1,4,2000,95.44305289650134,9320.0
5,4,2000,291.81505395997135,40643.0
3,4,2500,146.21805253963612,32785.0
8,3,2000,141.39477334142015,42709.0
1,3,2500,5.543352851107608,8073.0
5,5,3000,222.26975471876878,70995.0
7,5,2000,190.95033277104193,82418.0
14,5,2000,18.693486496002244,134787.0
9,3,2000,372.73990692819814,66425.0
13,3,1800,375.9931092020124,65296.0
5,2,3000,42.48028306419533,27970.0
7,4,2500,190.22493774567184,76460.0
6,1,2000,523.6833191972387,16220.0
13,3,1500,349.30024094674707,76571.0
14,2,1500,247.1848344071927,44196.0
14,4,2000,279.06115707845754,145201.0
11,6,1800,124.96799666148308,117638.0
8,6,2000,487.1289004247568,122869.0
8,3,2500,548.4028232705806,59463.0
14,1,1800,546.3984253500262,28802.0
4,2,5000,134.3606350153798,31013.0
5,1,2000,186.44416066587414,9393.0
13,5,5000,96.37366488572208,345758.0
6,6,2000,184.3206801793879,65287.0
4,4,5000,199.68322327356017,87568.0
8,2,1800,379.86344223878126,35498.0
5,1,2500,113.78782892887477,12199.0
13,6,2500,551.6381546206461,185381.0
13,2,1500,61.85968205118597,37310.0
5,1,5000,4.126806620599832,22279.0
8,2,3000,512.9670771783199,51475.0
14,2,3000,422.2618846596298,88455.0
11,4,2500,213.21592221359907,109322.0
4,6,3000,357.2998235460708,98506.0
9,2,1800,134.12646050354002,30705.0
9,5,2500,101.03378918722558,135332.0
10,1,3000,282.68948108323366,27474.0
1,1,2500,211.91269783257653,3377.0
5,1,2000,369.1380303211753,13227.0
12,6,2500,130.8895107366189,209772.0
4,4,2500,397.7566203363712,44084.0
5,5,2000,460.1169121816879,63280.0
5,1,2000,99.98168581708464,10939.0
3,1,3000,26.314970050749587,8534.0
3,6,2500,263.75242518080324,55268.0
5,1,2000,464.41445159546225,14827.0
13,1,2000,390.4679013444856,29167.0
1,4,3000,421.12903224875475,20056.0
4,4,2500,241.70360399602103,47552.0
1,2,3000,140.9673271518419,5982.0
8,3,2000,319.0673059707657,54772.0
4,5,1800,122.61941624951814,34036.0
12,3,3000,435.73721819103946,105491.0
9,3,2000,118.17987357568623,71833.0
11,1,2500,174.75796002860486,27355.0
9,3,1500,303.92686699380323,40395.0
7,5,2000,292.02596048609695,87090.0
13,4,3000,360.5096258442176,144379.0
7,6,2500,262.4667602999502,105481.0
14,1,3000,551.6839851060548,51355.0
14,1,3000,503.9604565183129,44242.0
9,4,2000,527.4680707419831,66694.0
10,2,3000,377.7099428420625,67273.0
4,4,1800,381.00474951648386,33275.0
12,6,2000,365.5192102295692,183779.0
10,3,2500,260.93049265287374,72650.0
13,4,2500,193.26360064035757,150986.0
4,5,3000,355.20173246932217,83040.0
12,1,1500,15.319102283070185,16308.0
7,6,1500,4.47385885428182,61661.0
3,2,2500,510.98509577804913,19999.0
3,5,2500,27.854426866573313,34336.0
8,4,2500,314.8770902000508,87841.0
5,1,2000,368.99265776978706,11170.0
2,5,2000,118.90273777346137,21730.0
6,2,2000,537.438502959089,28466.0
10,4,3000,114.057463049025,122871.0
5,6,2500,530.7089924200048,89480.0
14,6,3000,457.7941615998211,244752.0
11,6,2500,144.44577211451636,157609.0
8,3,2500,90.44649976565613,60222.0
14,4,2500,189.73962611174107,142270.0
7,2,3000,238.7703397621648,41658.0
2,6,2000,147.47080589935408,28631.0
1,3,3000,599.334929252654,13023.0
14,5,2000,137.79140174374862,130775.0
14,3,1500,498.3808961897142,66702.0
11,5,3000,95.47064825428366,150614.0
2,2,2000,588.1467751655684,15449.0
5,5,2000,135.3140749698509,52826.0
1,1,2000,253.01313287015535,3077.0
1,1,3000,335.1384400607439,4096.0
4,3,1800,72.17142909365599,22424.0
9,3,3000,490.0920404874608,75092.0
1,5,2500,164.8113196084979,15478.0
14,3,2500,329.56194096099824,97367.0
7,1,2000,329.7802864159481,14818.0
4,2,2000,361.584391395471,13896.0
8,3,2500,33.291591914588814,52753.0
12,4,2500,101.17125709894073,144975.0
5,4,1500,96.71534575401853,34853.0
1,2,2000,181.2307556495111,6384.0
1,4,5000,86.94849411500391,25267.0
12,4,1800,553.1527924645738,103262.0
2,5,2500,307.7726703067804,29508.0
9,4,2000,374.1450886216106,68859.0
6,5,3000,214.4929052388725,108200.0
11,2,3000,165.74768462034692,67850.0
1,5,2000,301.9063021393278,21634.0
13,1,1800,176.59378490090018,23073.0
10,1,2000,206.18755543785855,26387.0
7,6,1800,271.6505245625143,80589.0
3,3,5000,303.44021231061333,57100.0
14,4,1800,590.5884070691033,135145.0
5,4,3000,133.9935528971643,54965.0
7,5,3000,292.7856989295883,104588.0
6,2,2000,89.70704369360337,21836.0
4,2,3000,209.99953962478358,22156.0
6,1,1800,430.3864312238426,13565.0
3,6,3000,104.67728625634474,55194.0
1,2,3000,348.8107845300259,8846.0
5,4,2500,250.02061414080433,57728.0
2,3,2000,30.947726642683794,9900.0
6,1,1500,559.8451448870667,13116.0
13,3,2500,248.1618841757318,96356.0
3,1,3000,470.3559214506997,11599.0
1,2,3000,249.78809323908018,8617.0
2,1,3000,562.4161929472707,9725.0
8,5,2000,174.28220065733848,82442.0
4,4,1800,247.33838981261812,25388.0
7,6,2500,455.31854415557183,116725.0
1,3,3000,206.20038916851416,11754.0
5,2,2000,218.61424280110762,19210.0
6,4,3000,596.8939040485341,83006.0
7,6,2000,333.3687154142112,88100.0
8,4,2500,413.62827220208885,73728.0
11,1,5000,386.0773404921659,61289.0
7,2,3000,496.7544882939433,42967.0
12,6,2000,517.0950596650458,148966.0
8,4,1800,337.95367948218575,59605.0
4,6,3000,176.7336449798396,88426.0
4,4,2500,13.680148544981673,40022.0
5,1,2500,368.6419506385921,14108.0
9,6,3000,495.2812999593718,164931.0
4,5,1800,270.3238833069957,43771.0
13,5,2000,98.82368429451857,155173.0
7,6,2500,172.84924376138454,117973.0
13,2,1800,305.9933577071188,53479.0
10,6,2000,502.00873138659995,142012.0
5,2,1500,103.05188764105237,13409.0
4,6,3000,367.28992542570853,72750.0
11,2,3000,452.02116837032725,67925.0
5,4,3000,561.628512200894,63231.0
4,5,5000,70.02221500731565,89240.0
14,1,3000,555.8349804987345,35325.0
7,1,2000,360.8805211046877,13139.0
1,6,5000,460.0209524593716,39796.0
7,1,1500,32.26482574113327,10541.0
7,4,3000,303.6888933843571,80793.0
13,6,2000,373.57780444847623,166536.0
10,4,2500,184.1003039237041,97723.0
3,3,2500,258.99012486075156,29188.0
3,3,2500,332.5788811677588,25982.0
9,4,2500,331.52876386378796,103610.0
1,4,2500,25.116915244102845,10659.0
5,4,3000,263.6890599473354,54274.0
2,1,2000,128.29089287533853,4464.0
1,4,3000,550.0170468512099,17934.0
13,5,2500,585.9479940740005,171973.0
2,5,3000,179.78813781124146,30722.0
1,1,2000,105.11123835063525,2534.0
14,5,2000,131.70249056900585,121413.0
3,5,2500,286.65135321177223,43309.0
12,2,3000,524.703359467907,81616.0
1,6,2000,300.0217289625838,21410.0
3,4,1800,33.23523702917859,20193.0
2,3,3000,23.931361627886403,18326.0
10,5,2000,136.43456737370914,105024.0
9,4,2500,505.6627665656573,118102.0
7,4,3000,372.8883345210864,75315.0
4,2,2500,337.7747122717749,20351.0
2,6,2500,191.38175554958528,48433.0
8,6,2000,557.6552430277123,105857.0
4,1,2000,198.70694697727947,7009.0
9,5,2000,500.96664759176804,93266.0
10,1,1800,537.5421107855304,14454.0
12,3,2500,290.00100792968203,96222.0
7,6,1500,536.5735616884456,83621.0
1,2,2000,166.08197243462826,4776.0
4,3,1800,395.06005570996547,24894.0
12,2,3000,52.77824911463176,80911.0
8,5,2500,284.36052845543634,85666.0
9,3,5000,130.39908129500876,116537.0
7,4,2000,37.657966758361724,55074.0
3,6,1800,2.235304846572439,29652.0
13,4,2000,194.85126986448503,103406.0
11,5,3000,353.7183567220577,147862.0
14,1,3000,273.1382085906944,44215.0
12,2,1800,181.06157911169765,43856.0
5,6,2500,594.7200184657506,95355.0
4,6,2500,563.7150239878067,75319.0
4,4,2000,75.39198410249813,34040.0
13,3,3000,249.06445600109686,100871.0
8,2,2000,389.3081603961665,37253.0
7,6,1500,440.09447851796205,70699.0
14,5,2000,219.82329294569422,141538.0
9,2,2000,447.7690876412086,44888.0
13,4,3000,74.49000774640697,144190.0
14,4,3000,199.08757515462284,201319.0
2,3,2500,429.85990545354304,23974.0
6,6,3000,375.40967415622504,128072.0
11,1,2500,502.32612891699296,26233.0
12,2,2000,28.11421360029305,37096.0
3,1,2500,104.63503069382911,9013.0
5,5,5000,29.096749363179875,127272.0
8,4,2500,115.26853454952679,74843.0
12,6,2500,2.569686379761005,207292.0
2,4,1800,302.52618100731974,17351.0
9,1,3000,316.98863734095323,26865.0
5,3,3000,394.7350688435969,52970.0
4,1,2000,230.94746832062606,7808.0
8,5,2500,1.9246144111104035,98733.0
6,5,3000,404.3346926445823,111782.0
9,6,2000,32.574652648747545,111573.0
5,3,1800,519.7022584906464,38603.0
12,2,1500,13.592392624762418,41370.0
2,1,2000,318.28507395397946,5278.0
13,3,2000,536.9507294313124,63795.0
1,3,2500,343.49374547326806,10178.0
11,5,2000,365.050047926358,128553.0
5,5,1800,408.96650900244344,44152.0
6,1,3000,73.44530863828021,17590.0
1,2,1800,404.9562604863357,7123.0
10,4,1800,528.2129292076892,95967.0
3,3,2500,584.5324997011899,27547.0
10,1,1800,265.83119961500825,17647.0
11,6,2500,206.7029110065281,168895.0
12,5,1800,451.9857693577902,122073.0
10,4,2500,325.7245728571887,103282.0
5,2,1800,154.3827926730183,21816.0
11,6,2000,103.29473098182179,122182.0
12,1,3000,102.13818035564621,36937.0
5,3,2500,275.50622196369125,43045.0
2,5,2000,102.07464336939007,21008.0
13,6,2500,11.831366406891464,215987.0
3,2,2000,31.253264981814,12471.0
9,4,2500,557.9307263717794,108749.0
4,2,1800,43.77680469608145,15098.0
2,1,2500,43.90841434857573,5415.0
11,3,5000,270.7130673201195,155953.0
3,6,1500,147.06016940101955,28304.0
10,5,2500,577.6163113034986,158164.0
10,3,3000,546.5915036986826,104211.0
1,2,2000,242.84594920276027,5256.0
3,1,3000,269.23891164975555,10298.0
12,2,2000,225.0681918453421,37456.0
8,1,2500,22.719669985876934,18754.0
2,2,2500,175.7081035528252,12800.0
14,5,2500,73.60408176719046,173842.0
4,1,2500,61.42219800907365,10392.0
1,1,1800,336.5169437618327,2191.0
13,4,2000,59.25891462813735,100123.0
1,2,2000,61.75879427715816,4680.0
8,3,2500,288.30822889160913,67104.0
14,1,2000,265.36941907358323,32619.0
9,2,2500,82.58087107942163,44523.0
9,3,2500,2.6694148853178,66203.0
6,5,2000,115.7846650607063,53110.0
2,3,2500,141.53535250922445,16294.0
9,4,5000,480.14906616532056,161316.0
13,4,2000,549.263010316329,90357.0
2,2,3000,243.56663849278183,12245.0
13,2,1800,243.0160359005867,58418.0
6,3,2500,427.48877025592003,48528.0
8,1,3000,376.1532094228134,26187.0
3,5,2000,110.48411201604549,30285.0
9,4,3000,64.61347337751681,87952.0
3,2,3000,262.56713439303047,22490.0
4,3,3000,338.8970178976578,30873.0
11,2,5000,83.22456189528555,103538.0
1,4,3000,175.96409604506673,14719.0
7,5,1800,183.56579785834492,68541.0
9,1,2000,156.77892061449842,17072.0
2,3,3000,276.4567597750746,17098.0
5,1,2000,391.83815059184315,10507.0
5,3,3000,305.63393016959543,44485.0
10,2,2000,120.87393734840653,37337.0
14,3,2000,61.76342822843986,95203.0
12,3,2500,493.12227773922024,82918.0
3,2,2000,287.5828096306714,14827.0
1,3,2000,37.28351048032632,6571.0
1,5,2500,154.8728997897348,17503.0
9,5,2000,482.4202670304929,98069.0
3,1,1500,451.03579486412997,6932.0
4,3,2000,525.4899797384267,29686.0
12,6,3000,361.25269560101526,236692.0
13,4,2500,253.743560614833,111937.0
12,2,1800,255.9809985326704,32969.0
4,4,1500,116.40002669576623,27061.0
9,1,2000,390.4793769107291,20601.0
9,1,1500,351.0412536557124,15779.0
3,4,2000,92.91864685730154,23931.0
8,4,2500,531.3977520272249,105826.0
8,5,2500,221.08092198635822,98815.0
6,3,1800,29.84325931264109,34455.0
11,6,1800,196.7285524678703,132658.0
10,3,2500,521.9140288269455,99877.0
8,5,1800,550.1739515170707,79905.0
11,1,2500,294.2390503557801,26515.0
11,1,3000,573.8039640440508,29488.0
8,5,2500,525.1450855271856,133130.0
4,6,1500,495.1384302595352,50367.0
11,6,2500,515.8260388093236,187290.0
11,2,2000,229.12524730129408,66620.0
14,1,3000,453.88136445332617,45558.0
3,6,2000,346.4034018456896,37902.0
6,4,1800,431.810401044184,48945.0
13,2,2000,106.67166454846478,47019.0
8,5,3000,438.8363470649652,122802.0
14,6,2500,574.555460516503,213235.0
1,2,5000,181.59799342885773,10674.0
1,5,2500,591.6967943733762,20587.0
12,5,1800,227.02560888322265,136239.0
6,4,2000,119.83409821261972,51740.0
8,4,2500,67.37173788014303,78914.0
6,2,2000,470.97714797290666,30411.0
6,6,3000,332.895240225941,122735.0
14,6,2500,184.2787761972173,221635.0
2,6,2500,365.0702218762547,42083.0
11,5,5000,199.26071270460284,283505.0
13,1,1800,269.0146543970752,26526.0
10,3,3000,517.5984754518547,105311.0
6,3,1800,400.8998861154989,37945.0
3,6,3000,457.44110382282986,63283.0
10,4,2000,350.09613088174575,102858.0
7,4,2500,594.8388293313726,75086.0
3,1,5000,144.8460397745356,16328.0
6,5,3000,157.37469643128884,97891.0
14,3,1500,55.53536324299972,59176.0
4,1,2500,332.4117012424263,10283.0
3,6,2500,368.0155418450207,51594.0
10,2,1800,435.5769437392919,37220.0
3,1,1800,201.26755556955663,5209.0
13,1,1800,7.35408111901632,21667.0
13,3,3000,379.33772225299197,125498.0
14,1,2500,599.2172955122296,43532.0
13,6,1500,176.72961227399549,129582.0
4,4,2000,110.36067148141184,24717.0
3,2,3000,169.06017469581192,20901.0
5,1,3000,255.24928486622832,14983.0
7,3,2000,150.5477573715388,46254.0
13,1,2500,208.17601522051794,33276.0
11,6,2500,382.92404314761757,170209.0
10,2,2000,207.0167921055688,41148.0
13,3,3000,237.6353668701928,119530.0
10,1,3000,24.018757679558366,35365.0
6,1,1800,550.7655009737218,12972.0
6,2,2000,244.1315759489122,29564.0
8,1,3000,196.8861096208766,27747.0
2,5,3000,51.8905177472307,33624.0
11,6,3000,380.50992923711016,167162.0
10,6,2500,518.2949701582529,185731.0
11,2,2000,24.691920031440183,41834.0
8,5,3000,87.1634804196213,132662.0
11,4,3000,87.8338973317244,118711.0
14,1,3000,361.3649132086757,37686.0
8,1,1500,552.7383016310213,18015.0
7,4,5000,262.66102023930574,128558.0
2,3,1800,206.28386891631038,15233.0
11,1,3000,459.50441135801475,35337.0
13,6,2000,445.54143705339084,158498.0
10,5,1500,148.0536835663258,77543.0
13,4,2000,96.49581738473162,90287.0
13,6,2500,214.6860194492138,199822.0
12,6,2000,465.3620353359787,136263.0
8,6,1800,417.038033948987,91941.0
2,2,2500,399.51222381372315,14746.0
1,6,3000,497.6571360979223,30871.0
3,4,2500,166.27818740483625,27339.0
7,5,2500,203.81023528170604,101428.0
11,6,2500,25.403670365505594,165469.0
7,1,3000,521.24746548212,21631.0
1,3,2500,349.45784095330686,12790.0
3,1,2000,178.873375130216,6582.0
14,2,2500,41.64991886961933,61152.0
14,3,2000,434.0457018974758,111354.0
6,6,2000,449.24251172943667,82610.0
12,6,1800,399.70719126901355,137840.0
11,3,2000,122.26858256803771,64266.0
14,2,1800,547.9296351051629,63117.0
13,4,2000,451.89481141252577,104441.0
9,6,2000,394.65379415038217,97592.0
6,6,1500,390.56635405307253,58417.0
9,2,1800,542.6146200549847,43082.0
5,2,1800,556.9842798582742,24814.0
5,5,2500,357.382450806144,67549.0
9,2,3000,250.00164657752904,66032.0
8,2,2500,218.24038773564973,45666.0
9,1,2500,491.4473046484335,23695.0
6,3,2500,386.7632039006001,48663.0
6,3,2500,46.35961815219218,47393.0
1,4,1500,85.31160780901632,6665.0
9,2,3000,540.1115370629078,58352.0
9,5,3000,530.6988888627005,151106.0
14,5,3000,571.0994692184813,180844.0
8,3,2500,256.71058039699426,61664.0
7,2,2500,470.43654458442427,37379.0
1,4,2500,496.93501638859294,20308.0
3,5,2000,189.41814350291585,27079.0
5,3,5000,87.20262673628534,72643.0
6,2,2500,598.2158169835037,32832.0
6,4,3000,18.13152225080994,81117.0
6,3,2500,358.40155122686576,49044.0
11,3,2500,390.12736450902537,108151.0
2,3,1500,409.073605181789,15059.0
5,2,3000,153.37664638145384,29727.0
3,5,2500,432.9475465793105,47506.0
5,3,2500,129.83973796875932,37433.0
10,3,1500,497.42295345100945,56506.0
1,4,1500,131.47000445078072,6906.0
5,3,1800,418.0236174456465,29003.0
1,1,2500,470.0480915003855,4626.0
14,6,2000,113.36745027731325,197773.0
11,1,2000,142.79189257956168,17330.0
4,4,1800,467.4622432406201,42785.0
3,2,1800,51.59938298097171,11026.0
2,2,1500,114.45657147999849,5516.0
7,1,2000,273.3185437139491,10528.0
11,6,1500,558.1091572468623,93549.0
9,3,3000,337.1267009358063,84845.0
13,3,2500,232.60670892493528,99501.0
5,5,1800,587.022133333486,61220.0
4,1,2000,278.22678373277313,8531.0
7,4,2500,260.24098421248925,64930.0
3,3,1500,246.98659013263412,15668.0
14,4,5000,187.30804356407776,284141.0
3,1,1500,195.4168858425506,5430.0
7,6,2500,412.70223595769886,104523.0
8,2,3000,24.50135840512868,53702.0
1,5,2500,409.0900353877913,19196.0
7,5,2500,120.72269887552369,81004.0
7,3,1500,230.52480192269573,32107.0
4,1,3000,87.9233835361992,14052.0
2,2,1500,331.6506264434819,8516.0
1,5,3000,437.6102669712838,21853.0
1,6,5000,212.7933456338188,39234.0
7,6,2500,98.04994652415778,138831.0
2,2,2500,135.9033491587053,11370.0
14,4,2000,490.86775111534354,138981.0
4,1,1800,160.58924103591147,8881.0
10,5,3000,464.8215558067363,148130.0
10,3,2500,198.71964408372665,77632.0
7,5,3000,113.23953260577753,91964.0
13,5,2000,436.3851357764586,135358.0
2,6,3000,281.12701768512403,39653.0
4,3,1500,18.766350764883843,17365.0
4,3,2500,575.9654516066391,33735.0
2,4,3000,88.65206704326445,24558.0
5,1,3000,212.04418587185484,16893.0
5,1,2500,230.8767809974244,13232.0
11,4,2500,293.65793955504796,91706.0
5,5,2000,471.2664134005024,54336.0
13,4,2500,3.6541678050760584,108381.0
11,5,1800,559.4832308016448,113465.0
13,2,1800,387.5936761218067,53008.0
2,3,2000,570.3893274893613,19434.0
14,4,2500,490.4337224498915,134517.0
9,3,1500,556.7029308499301,48599.0
14,1,3000,360.60033056140685,41060.0
5,1,1500,214.3853897263049,7291.0
14,6,3000,265.7484378681622,282437.0
9,4,2000,394.8193862304677,86395.0
2,2,2000,256.1591158598018,11261.0
6,2,5000,439.0036700806735,59041.0
2,1,2500,55.10880964801774,6014.0
14,6,2500,497.9919893909332,209187.0
5,1,2500,122.5131837852025,14050.0
4,5,2000,566.3685657148335,48275.0
8,2,3000,93.32747996236075,47454.0
6,3,3000,77.4985176614387,41080.0
2,2,3000,487.1256663524357,15331.0
12,5,2500,491.2210966218086,161581.0
12,1,1500,443.25565192874836,18824.0
11,3,2000,576.3182783428227,90021.0
9,2,2000,162.32377721124962,32442.0
6,2,2500,495.98924339417255,31747.0
8,2,2000,211.22431802605252,30223.0
8,6,1800,322.4391753416044,87980.0
3,3,2500,267.3600178207972,29096.0
2,3,2000,3.5100136041643415,14379.0
4,3,5000,344.6773161234946,58963.0
7,6,2500,448.5035326583718,106144.0
3,3,1800,104.73143014516275,15194.0
2,3,2500,558.9935171358225,25392.0
12,2,5000,318.2397236511023,140191.0
6,2,5000,106.9476018906561,60087.0
9,1,1800,387.56854255013116,15012.0
8,4,1800,115.15362510920639,50816.0
11,1,2000,38.12000897720185,22611.0
11,2,3000,411.18914545154536,74011.0
5,2,2500,66.4169299832967,19925.0
12,2,1500,63.73046902586119,35129.0
6,5,3000,443.966137909088,120072.0
12,4,2000,33.121339924842694,94043.0
6,6,3000,485.86150742877277,143082.0
2,3,3000,477.68925518869656,25655.0
11,6,2000,84.8360568466596,117683.0
1,1,1500,311.02838836618133,2649.0
11,4,1800,57.97529458136541,78900.0
1,5,2000,379.5427318715923,15691.0
3,4,1800,37.75800778232794,19765.0
9,6,1800,566.6885137936483,132760.0
14,2,1800,124.63844122174899,45709.0
6,1,1800,409.73679356918706,14158.0
2,5,5000,76.97485462626604,48909.0
4,1,2000,125.7578689960659,8477.0
13,5,3000,270.5697893300224,214389.0
11,5,5000,343.85768480490975,262341.0
2,6,1800,599.3179442350098,38521.0
6,3,2000,15.555736854566483,28307.0
4,6,1800,0.1886517864521764,45545.0
3,2,2000,210.2202568289688,10174.0
12,3,2000,219.69382068145194,72632.0
9,1,1800,530.302341659179,20299.0
3,5,2500,547.5495286183811,52208.0
10,5,2000,528.3149858155913,94614.0
6,5,2500,85.90725029162867,66672.0
1,5,2000,247.26290110864406,13760.0
7,2,1800,447.5310973770139,29431.0
3,1,1500,187.56664067054484,4114.0
4,6,2000,397.9428171063307,57459.0
13,3,2000,142.2857179146552,82743.0
10,1,2000,194.05155477648483,20082.0
2,6,2500,516.2577896090903,45148.0
12,6,2500,150.30542165339708,188603.0
9,3,5000,578.5944521309177,133010.0
13,5,2000,183.75573656210815,105961.0
11,1,3000,14.116865893966413,33590.0
5,1,1800,152.9405422815423,8573.0
8,2,5000,102.72296534605545,75403.0
8,4,3000,304.09617973052985,106835.0
11,1,1800,67.629639796716,23792.0
4,1,2500,375.6293263472458,11450.0
5,5,5000,524.9394423338967,144814.0
4,5,3000,217.51132908224142,54109.0
5,5,3000,101.09563158324266,79325.0
3,5,3000,240.01499747064778,49444.0
1,5,2000,471.58009287037623,22520.0
14,4,1500,354.8926044477573,84047.0
2,4,3000,60.68592799656187,24257.0
13,6,1800,322.31229259622,168205.0
1,3,1800,280.8512288733559,8674.0
11,1,1800,196.26735361269687,18020.0
5,5,2500,66.09635763199397,86686.0
8,2,1500,588.667161372165,25224.0
4,6,1800,105.62599193595337,45381.0
7,3,2000,115.64573447444728,45231.0
7,6,2000,87.34961526134151,88906.0
8,1,2000,342.1158232193629,16977.0
6,4,5000,266.2017446896202,121535.0
8,3,3000,149.7343092159336,71745.0
12,3,2000,257.6540298129169,65680.0
7,2,1800,404.11311063703073,36803.0
6,6,3000,169.0203188991781,109137.0
2,3,2500,549.1474656182282,23193.0
6,6,5000,183.80774230662348,177152.0
2,3,2500,118.90741849371196,15742.0
3,1,2500,572.7407081236887,9270.0
14,6,3000,486.3363660709076,218924.0
2,2,2000,205.88257490607933,9463.0
7,2,3000,504.8591106863256,43844.0
12,6,2500,311.28854949228,215769.0
14,6,2000,208.0514989566377,149852.0
3,6,3000,503.7669537235286,61668.0
3,3,2500,451.29904011866427,25062.0
6,5,1800,178.7249055858635,68455.0
8,2,2500,364.00710915478425,38661.0
14,5,1800,221.63413411187832,139537.0
3,4,1500,0.6311835362328821,20234.0
3,1,3000,577.0894448401676,11112.0
4,3,5000,329.77744564370204,54217.0
13,3,1800,359.0595609994699,63258.0
1,2,3000,359.9348554063769,9845.0
6,3,5000,330.38487649164165,80773.0
2,4,5000,174.02870686415608,44845.0
3,1,3000,582.9456749448337,11488.0
13,1,2500,373.001047509171,35566.0
1,5,1800,402.5528163323769,18044.0
5,3,1800,272.8756543902299,27066.0
13,4,2000,172.71684029446953,94969.0
9,4,1500,38.60938930495761,59510.0
2,4,2500,210.13811794073175,21663.0
7,3,3000,105.65845756103526,46203.0
14,3,2500,397.2529609542071,118654.0
6,5,5000,527.4023308816317,141775.0
8,6,1800,181.65291494739137,95993.0
8,2,1500,199.72957524842795,30255.0
10,5,3000,402.218702297407,158363.0
3,6,2500,89.56286054474181,53134.0
12,1,3000,557.6624560066194,38943.0
14,5,3000,218.30806861528984,259350.0
2,3,2500,60.71966755606479,13846.0
12,6,5000,104.8104029523849,362158.0
12,4,1500,559.6476456044749,87765.0
11,6,2500,148.271573021412,164751.0
6,1,2500,397.3612822987718,19049.0
7,1,1800,93.69913412295907,12319.0
12,6,1800,116.46101540926664,169714.0
3,4,2000,527.5429313399866,41849.0
12,4,1800,88.81993206153709,90845.0
13,2,2000,11.250352041767497,55661.0
10,2,2500,300.73991371576574,60462.0
5,5,1800,517.6360879577608,48003.0
8,2,2500,195.59462724937484,35510.0
1,4,2500,76.8973623874263,13058.0
14,2,1800,589.3384977393827,56957.0
5,2,1500,406.043177693648,17759.0
1,1,2500,510.41437916889384,4548.0
12,6,3000,451.28296339735425,170354.0
10,6,5000,418.94536439351407,303045.0
9,1,2500,230.73844027855216,21399.0
1,3,1800,194.60399592218363,8636.0
11,4,2000,430.1751575366844,106916.0
9,3,2000,430.0278049063381,63399.0
12,5,2500,570.353030429456,169251.0
12,2,2500,341.1958907089934,52413.0
3,1,3000,176.7726634726041,10420.0
3,3,2000,293.71727959828644,23213.0
13,4,2000,368.2282900355515,127602.0
8,2,5000,256.0378797461475,105794.0
7,5,2500,474.67987401572896,79165.0
5,1,5000,350.76792732950264,25200.0
9,1,3000,5.6614365765903285,24720.0
11,4,2000,341.9039329392051,95426.0
1,4,2500,380.16227156511655,16108.0
8,2,3000,549.1567509264424,50942.0
14,2,2000,248.23300419851313,65596.0
4,1,1500,344.68059556281503,6465.0
4,4,2500,284.9984704286244,39327.0
13,3,5000,318.9938570813312,175833.0
1,1,3000,40.38244240139788,3028.0
6,3,1800,538.3702005198609,33534.0
7,6,5000,546.2474038989753,221813.0
12,2,1500,328.8357659055796,37871.0
2,6,1800,333.93330943256734,26947.0
7,2,1500,34.533621566372716,23628.0
3,2,5000,358.7703078718541,32636.0
12,2,3000,257.4910739274975,84132.0
9,2,5000,425.4261781406624,91243.0
7,1,2000,28.27494995734343,14072.0
6,4,2000,426.53260963769384,51244.0
3,3,1800,172.13629429938834,18250.0
13,5,1800,391.02319827186477,135958.0
10,3,1800,376.2755851872738,55697.0
5,3,3000,136.1048907793395,49626.0
6,3,5000,264.27140712976006,84513.0
11,1,1800,501.37995543199474,23885.0
11,5,2000,363.35498615686436,109384.0
7,1,2500,41.24298118704688,19566.0
5,5,2000,265.7452987924978,55721.0
10,6,2500,187.0628752667502,185423.0
10,5,2500,384.98740734697964,115538.0
9,3,2500,368.7383647771565,60249.0
2,2,1800,6.23886090608432,6733.0
7,6,1800,364.6173056510778,71438.0
9,2,1800,440.909792390962,30434.0
14,3,3000,461.23801944094527,141721.0
8,5,1500,35.385462233976696,60677.0
5,6,3000,182.19505026592137,89094.0
8,6,2500,252.7641363309143,120346.0
3,1,2000,107.86302467694708,5987.0
2,6,1500,252.4403226990059,29328.0
10,1,2500,42.6777214953554,23044.0
14,4,3000,67.93036980423095,144280.0
12,6,2000,401.21685770605166,169029.0
9,4,2000,157.543476696093,72616.0
1,6,3000,426.84350848774346,36073.0
14,3,3000,28.865116810000792,118615.0
7,2,5000,337.6218318261017,80469.0
5,2,3000,234.86919815210416,36300.0
13,3,5000,478.1828351492792,188565.0
11,5,1500,470.37094812333714,84068.0
11,3,1800,225.3357854745049,67882.0
4,5,3000,373.6284084526286,72292.0
14,3,2500,136.52932129169287,90032.0
7,2,2500,348.2441017082521,33001.0
8,2,1800,48.75881636851347,21530.0
11,4,1800,260.76257047116604,89547.0
10,6,2500,109.63660892286549,147910.0
3,6,1800,530.0287092549137,44251.0
5,2,1800,266.9404907800991,16437.0
6,3,2000,354.4642491825209,35284.0
14,5,2500,216.22911619800624,169329.0
11,4,5000,173.24462114388172,205505.0
6,1,5000,121.75186983692015,30921.0
11,4,2000,547.1229496002118,103771.0
11,1,2500,479.6794694561716,38628.0
6,1,1500,79.95668665861852,9297.0
6,4,2000,448.034925775079,63070.0
13,1,2000,251.11846622199192,24445.0
8,3,1800,9.237992976341914,35425.0
3,4,2000,317.0203922257332,27869.0
11,4,1800,78.02786405091966,66413.0
9,3,5000,125.9605878561568,136752.0
8,1,2500,417.6245768544558,19733.0
11,5,1500,154.28522228471766,67695.0
13,6,2000,535.13292110509,207949.0
5,6,2000,394.30185505450197,65124.0
6,5,3000,499.37009094648545,82149.0
3,3,2500,369.11372299811046,29994.0
10,6,1800,521.3097546132095,110422.0
6,3,2500,217.0108050132901,54257.0
5,1,3000,329.4843461313478,14943.0
10,6,1500,309.53424026660014,91306.0
6,2,3000,542.2744248467823,42042.0
7,6,1500,98.94924516516812,70198.0
7,3,3000,346.8364579120155,73650.0
4,6,2500,452.6587165361882,70105.0
2,4,2500,222.02985632019622,25095.0
12,3,3000,520.5489147695858,124940.0
2,2,3000,223.80886024664045,14126.0
5,6,2000,103.98525593754965,61435.0
10,1,2000,350.429013243019,17994.0
2,3,3000,252.34080602238748,22596.0
10,3,3000,9.114062809202728,90567.0
11,4,5000,41.90315549610193,209985.0
10,2,1800,117.16630812395401,43058.0
5,4,2500,461.5979757108914,48349.0
1,3,5000,535.223709620249,26095.0
13,2,2500,327.3845244085335,67439.0
5,2,1800,63.339277508474076,19225.0
12,5,3000,320.6513713451076,177782.0
3,2,2000,513.363276358167,13187.0
3,2,2000,449.68657747355377,15338.0
11,4,2000,174.65889821842498,94516.0
14,2,3000,74.3343655730147,91745.0
13,3,3000,540.4090198573458,120585.0
11,2,2500,512.4532479793266,45428.0
4,3,2000,32.229219087135476,20268.0
13,5,3000,494.20469389473857,262090.0
10,4,2000,58.32758267096369,70989.0
3,6,2000,37.970180041222214,43806.0
2,5,1800,455.1605382877557,24229.0
13,1,2500,321.78637315497485,33055.0
4,3,3000,248.72881445419134,42022.0
11,2,3000,542.3173175856132,63745.0
2,4,3000,503.5821432406523,38807.0
4,2,2500,34.57408292823396,20462.0
4,6,2500,369.65234516470343,72788.0
4,2,2500,463.36044192447497,22958.0
10,4,2000,330.29434786497126,92300.0
13,1,3000,589.8032994457129,49986.0
13,6,2500,411.628502788529,201677.0
11,6,2000,62.48580761821518,164295.0
3,5,5000,118.97880719997207,71904.0
14,3,3000,495.7473727196772,144620.0
8,1,3000,598.0540038865801,27988.0
8,5,3000,59.003560123433815,106596.0
10,3,2000,60.197590707029036,62300.0
11,6,3000,458.0322324859701,209178.0
14,5,1500,38.61256902992374,95479.0
9,4,1500,41.13606963890848,57057.0
9,6,2000,533.2898898057975,122938.0
11,5,1800,480.26988739107054,107664.0
4,3,3000,528.9379199186294,42000.0
5,1,1800,390.3080412796522,10448.0
9,1,3000,193.5218531633151,26575.0
1,3,2000,543.7879141996747,12737.0
5,4,2000,179.23411498465907,39680.0
11,1,2500,165.3065036729096,38736.0
14,1,2000,531.8402515156628,25440.0
8,5,3000,408.49355549592474,119485.0
6,5,2500,537.4032508255457,80699.0
7,1,1800,93.54077355238344,16574.0
10,4,3000,571.3780786593788,110222.0
8,1,1500,367.6452940201962,14177.0
1,5,3000,400.8210264560566,23713.0
8,6,2000,548.4363481958709,113621.0
6,6,2500,228.4517848167772,110754.0
10,4,2000,431.7449968175173,100559.0
13,4,1500,384.2043726746904,79715.0
14,6,1800,472.65163131957615,166372.0
9,4,1500,538.1656750999844,50061.0
6,3,2000,408.0365132580568,41386.0
7,5,1800,40.58373270183861,58012.0
3,4,1500,109.88420750986813,19321.0
14,6,1800,572.3869093602505,134736.0
12,4,1800,581.1902840263357,100463.0
12,6,1800,580.4479882190175,117092.0
5,1,2000,22.079640240070788,10269.0
5,1,1500,229.46890076965096,7266.0
12,1,2000,455.8036223927976,23320.0
8,4,2000,451.7314821946985,81814.0
10,5,1500,51.5453429699751,81589.0
7,2,5000,365.6933322537114,83709.0
7,1,2000,85.72177112451446,17295.0
9,6,2500,295.925599720676,129516.0
12,5,3000,143.8114205046729,218916.0
5,4,1800,31.896703040836606,30622.0
12,3,3000,48.01165531596574,118746.0
4,3,1500,546.5357698379449,23147.0
6,1,1800,446.7875785209204,11258.0
13,2,2000,559.0943890637702,60794.0
14,6,3000,281.9939594001316,289839.0
13,3,5000,247.97549937168256,220959.0
5,5,5000,215.04437550125735,132678.0
12,5,1800,369.784257631254,117238.0
14,2,1800,210.93563218280016,55487.0
14,2,2000,447.7639403892037,61794.0
1,5,2000,480.7903957295173,20932.0
11,1,2000,525.5067560576286,24699.0
14,3,2000,145.68055814716635,94874.0
11,6,2000,316.21322957542526,114828.0
4,5,3000,134.0667700379033,61702.0
11,5,2000,22.533494052204684,93551.0
2,1,2000,424.6951825019026,5891.0
7,2,2000,329.3887643610748,37307.0
9,2,2500,434.3563677318502,45794.0
7,2,1500,52.573746843922265,21750.0
10,2,3000,597.3157074371652,70934.0
4,6,2500,596.6091401682193,57988.0
9,1,2500,278.99989530210763,22182.0
10,5,3000,519.6352291103016,167564.0
9,4,2500,146.14113348333407,65223.0
5,4,5000,442.5396967339782,95237.0
5,2,1800,527.5355140881395,25358.0
4,2,2500,488.7997596484671,26969.0
7,4,1800,487.06444694469445,60867.0
9,2,2500,277.81597925331903,52496.0
6,5,1800,491.9939686672637,65509.0
6,1,2000,414.4228878127803,14599.0
5,1,2000,79.47083888652261,9934.0
4,5,2000,68.51064243871208,41949.0
10,4,2000,463.1532815607839,81023.0
12,1,2000,375.2784532637543,29676.0
5,6,1800,311.62567031482644,73794.0
13,1,1800,544.3570745092969,30184.0
8,6,1800,395.7542141227311,91315.0
3,5,5000,237.6880470529801,71129.0
6,6,5000,248.3590849057103,216756.0
1,6,1800,363.14661649055097,20832.0
1,2,2500,456.16517081180905,8997.0
5,5,1800,338.61198416947445,47982.0
7,2,1800,305.2565293315078,29091.0
12,3,3000,436.1404215925091,99407.0
2,2,2500,423.1587299442218,14443.0
12,3,2500,498.2081043681366,113249.0
4,6,2500,37.53107176637664,74067.0
2,3,2000,452.9712792491873,18983.0
10,1,3000,308.256270571014,26460.0
11,2,1800,44.815872019891124,40916.0
9,5,2000,407.40601690171184,126880.0
2,4,1500,429.9241164011657,17010.0
2,4,1500,314.17630172681066,16906.0
6,3,2000,476.27938658985767,49427.0
7,2,2500,180.14886517758092,39242.0
14,4,2000,121.14433111886167,153435.0
5,4,1500,210.44037104596708,30558.0
3,6,3000,246.03030797758652,53196.0
14,4,1800,417.5601614413013,124488.0
3,6,2500,507.3119627269366,49532.0
1,5,2500,432.55091404720594,20657.0
6,1,2000,104.3925354417609,12320.0
6,3,2500,219.73025088015444,53943.0
9,3,2500,95.0482280686668,73891.0
13,1,2000,412.0345197348308,29207.0
14,2,2500,148.90312693013647,67835.0
5,5,1500,315.23215971110807,50680.0
14,3,2500,475.0979059168106,179457.0
9,1,5000,402.56356495296905,50642.0
1,2,2000,179.02439439907963,5498.0
14,2,5000,199.7200503698045,121176.0
2,2,2500,392.0185719618191,12169.0
9,1,5000,329.68064960396646,45146.0
12,5,2000,57.836092482026636,113628.0
4,5,3000,524.3949535641277,70352.0
4,3,1800,307.5679488321772,31306.0
7,4,2000,284.0166079184792,70318.0
13,6,2000,119.06360197935739,155858.0
4,6,1800,226.19629138232239,42065.0
10,1,1800,199.69491738905947,22071.0
7,6,2500,162.4414096976561,108259.0
2,1,5000,340.4439447880639,9236.0
10,1,5000,277.36521616816924,55671.0
12,3,2500,533.5186111888004,109029.0
9,5,2500,564.8063862282966,92529.0
3,1,1800,131.68405753685454,5368.0
3,2,2000,60.06325726032631,12316.0
6,2,1800,471.20253089264963,27707.0
8,3,2500,596.9168421831654,63132.0
8,6,1500,518.1600419124925,76412.0
4,2,2000,14.218441271240835,17583.0
8,2,2500,150.7581304238796,38954.0
5,1,2500,26.005366224758355,13451.0
10,2,2500,492.4676262246999,47204.0
12,1,1800,348.8441857753898,19551.0
10,4,5000,308.23112470023233,224373.0
1,3,2500,332.66992919791653,11846.0
14,3,1500,151.4707552179547,72405.0
1,5,1500,360.9830214833177,13808.0
14,4,3000,18.400187078417996,152979.0
1,1,2500,387.60703438250374,4769.0
8,3,3000,440.6602981072985,64379.0
2,2,3000,403.8157582270963,17698.0
2,5,1500,199.27051098733216,22245.0
10,2,3000,495.7577490765256,70921.0
11,1,2500,429.3263982704892,26903.0
2,5,2500,76.97839375456672,24062.0
14,3,2000,117.08653232298903,83279.0
5,1,3000,382.26504790694315,14150.0
5,5,2000,173.64968013361568,47645.0
5,2,2500,71.65976486774217,27630.0
7,6,2000,92.98139588993533,93220.0
3,5,2000,99.37030832424038,28202.0
6,3,2500,286.6745440910293,52534.0
3,4,2000,364.4312720576984,31502.0
1,4,2500,105.84136491264897,14016.0
6,4,2000,427.4979662179327,58716.0
10,1,3000,168.60756450091708,34829.0
11,2,1800,186.9348830363765,43517.0
5,2,5000,134.09917264446455,57446.0
5,5,2000,471.1236815659146,50918.0
12,1,1800,575.8882997621263,23557.0
10,4,1800,295.49990920685565,76370.0
12,5,5000,25.218384859195318,291842.0
13,6,1500,156.34158985528552,127359.0
12,2,2000,94.83017467130763,52615.0
14,1,2500,505.6573709112107,38807.0
6,5,3000,50.9123924599231,89106.0
6,1,2500,579.8857444130302,15856.0
5,1,1500,353.1082659747756,10167.0
4,6,1500,310.64387224449797,45318.0
11,6,1500,508.4103734515121,98407.0
11,5,2500,16.528572774873695,134664.0
12,6,2500,466.2916496442058,155101.0
3,1,2500,69.96242734110993,7813.0
7,1,2500,504.4668593642593,19059.0
4,2,2000,317.5057315427171,17305.0
13,1,5000,36.677641416055074,78791.0
4,6,1500,499.9470232807946,41781.0
3,1,5000,16.388470242750984,16398.0
8,4,2500,83.02241573616209,105731.0
13,6,1800,478.69471429597735,172849.0
13,5,3000,278.9226743147346,199821.0
2,2,1800,528.8332226129003,9976.0
5,3,2500,381.2575636746501,35731.0
3,4,1800,374.1172526222448,26257.0
5,5,3000,175.34106367920893,72294.0
8,3,3000,80.20831413104013,66927.0
4,2,3000,576.7034345380096,27515.0
1,5,2000,62.878613486037096,11120.0
8,6,2500,317.40636004414057,135269.0
1,3,1500,163.54115450086815,5570.0
4,1,1800,158.48439814887283,7218.0
1,4,2500,356.75173158168786,15410.0
2,6,1800,478.7604703073213,32323.0
7,6,2500,466.3076896987672,144837.0
12,3,1500,521.2810135161321,61958.0
11,1,1800,175.74164274742026,16894.0
2,4,1800,279.45082902904426,19842.0
1,5,2000,5.600743932014973,10796.0
5,6,2500,448.1145738818193,84477.0
10,1,1800,181.40586728536982,16188.0
11,2,3000,336.89611996211187,84830.0
12,3,5000,101.58016921167041,159385.0
5,1,5000,491.63970428059713,29192.0
3,6,2000,490.3633315669667,48929.0
1,1,3000,526.4717488517733,5488.0
3,4,2500,27.5621982640337,37360.0
1,6,3000,595.4752258650083,34543.0
13,5,2000,148.66764866381672,124351.0
4,5,2000,185.66021162840966,49917.0
12,2,5000,149.60143751426767,112357.0
8,5,3000,160.51961901991942,125653.0
8,3,1500,331.59681366218797,34233.0
7,1,1800,143.88632658226774,11639.0
12,3,5000,236.26278684024285,183966.0
1,3,2000,393.3639494659292,11205.0
2,4,3000,501.6157221466361,26108.0
6,2,2000,415.6449001601277,29005.0
6,3,2000,356.5937068723939,36507.0
8,3,2500,88.63713752464122,71199.0
11,2,2500,489.66936092476953,56481.0
9,5,2000,22.36493279582321,79038.0
4,2,3000,158.51499794118124,25499.0
5,5,5000,34.23535015917671,112598.0
11,2,1500,400.45738535067755,42158.0
3,6,3000,221.0226495561087,59308.0
8,3,3000,391.22908992292,75311.0
8,1,2500,208.2185755821542,22366.0
11,1,1800,273.4444384796965,18520.0
11,5,2500,274.7766060997085,122500.0
7,6,2000,27.34839220052676,88908.0
5,2,1500,258.13591580760215,14955.0
6,4,3000,384.6386178691216,68490.0
6,4,2000,327.6313476452603,58866.0
4,1,2000,45.17025976697235,8713.0
9,3,2500,400.8335914120493,62209.0
3,5,3000,185.31765294915655,45219.0
10,6,3000,8.660881667413257,161687.0
11,6,2000,93.35733425054713,166134.0
14,1,2500,298.5357943899357,40351.0
2,2,2000,186.2409954180412,9023.0
11,3,2500,416.6298082521305,93764.0
2,1,1800,144.39208533945867,3550.0
5,4,2500,463.6777010851012,52966.0
3,1,2000,171.88630883638797,6772.0
3,1,1800,372.5182245506494,7274.0
3,1,5000,479.52982815070806,16721.0
1,2,5000,231.33367718624933,12209.0
12,5,2000,28.082965089282276,121700.0
1,2,2500,321.26731263532855,7423.0
6,6,1800,597.2454369267001,76371.0
10,2,2500,581.3951198261482,51926.0
14,1,1500,132.61331636650092,22138.0
12,3,2000,453.4179056545514,81354.0
2,5,2000,206.97109909203957,24721.0
14,1,1800,96.16348810985488,22210.0
10,1,3000,399.5488203614959,28029.0
3,6,1500,300.52123771606136,35890.0
7,4,2000,323.5383345934064,72993.0
13,3,3000,496.4355973413051,125227.0
6,5,3000,201.92620553245385,89506.0
3,6,2000,400.2568557333978,46851.0
13,3,2000,219.71488017757517,70354.0
14,4,1500,25.634337948257514,98767.0
14,1,2500,226.80906440180934,36720.0
14,2,3000,570.0206779224808,81724.0
13,4,3000,289.9574892530502,157456.0
7,2,1500,64.9382621021209,20201.0
3,6,2500,412.6960976257355,64264.0
9,6,1800,578.0276098311127,108410.0
4,2,5000,544.7671479265542,45193.0
7,3,2000,343.1765026848832,49405.0
10,2,5000,225.7684466091187,93147.0
14,4,3000,348.40660110554427,177657.0
5,1,2500,489.5586373195497,14942.0
4,3,2000,516.7424052110725,25063.0
11,4,1500,491.3063309654647,76135.0
