date,month,weekend,rain_mm,target
2022-01-01,1,1,0.0,59.449900898379255
2022-01-02,1,0,0.0,65.0738647762
2022-01-03,1,0,0.0,64.06300244009863
2022-01-04,1,0,0.0,66.07144816509354
2022-01-05,1,0,0.0,51.90374347864426
2022-01-06,1,0,0.0,52.928071082188005
2022-01-07,1,1,0.0,78.9105712160392
2022-01-08,1,1,0.0,92.9932937265289
2022-01-09,1,0,0.0,73.24445314859847
2022-01-10,1,0,0.0,65.14427640857227
2022-01-11,1,0,0.0,60.97917752323151
2022-01-12,1,0,0.0,70.01844427930114
2022-01-13,1,0,0.0,55.69741788565398
2022-01-14,1,1,0.0,76.48152622565935
2022-01-15,1,1,0.0,78.8388009144757
2022-01-16,1,0,0.0,49.1915706752238
2022-01-17,1,0,0.0,56.424915720655484
2022-01-18,1,0,0.0,47.94332760594454
2022-01-19,1,0,0.0,67.2250703700962
2022-01-20,1,0,0.0,62.89318651929716
2022-01-21,1,1,0.0,92.86606157793042
2022-01-22,1,1,0.0,65.33645477377229
2022-01-23,1,0,0.0,75.11527252229865
2022-01-24,1,0,3.2,41.287721275859035
2022-01-25,1,0,1.7,45.855227324251146
2022-01-26,1,0,3.9,49.29260607823219
2022-01-27,1,0,0.0,69.76948622772878
2022-01-28,1,1,0.0,82.03016147505716
2022-01-29,1,1,0.0,77.80553674530586
2022-01-30,1,0,0.0,50.866353088193556
2022-01-31,1,0,0.0,45.616583644053705
2022-02-01,2,0,0.0,68.19364591323709
2022-02-02,2,0,3.5,62.38775334943776
2022-02-03,2,0,0.0,70.17205339383115
2022-02-04,2,1,0.0,83.57136314283012
2022-02-05,2,1,5.6,51.74107787300018
2022-02-06,2,0,0.3,46.558753605866926
2022-02-07,2,0,0.0,62.18384175262038
2022-02-08,2,0,0.0,54.67254677287582
2022-02-09,2,0,0.0,52.970422297646856
2022-02-10,2,0,0.0,48.07095911599424
2022-02-11,2,1,0.0,88.52830610673087
2022-02-12,2,1,0.0,84.10573373672877
2022-02-13,2,0,0.0,62.5107210061731
2022-02-14,2,0,0.0,52.29757976093448
2022-02-15,2,0,0.0,59.58658983009828
2022-02-16,2,0,0.0,45.96011566423167
2022-02-17,2,0,0.0,56.83154817238426
2022-02-18,2,1,0.0,57.24863379266202
2022-02-19,2,1,0.0,65.886954747789
2022-02-20,2,0,0.1,55.0191934017319
2022-02-21,2,0,13.4,68.65606331647439
2022-02-22,2,0,0.0,41.793312339176225
2022-02-23,2,0,0.0,46.80777466714123
2022-02-24,2,0,0.0,59.950973170235294
2022-02-25,2,1,0.0,95.92480615413143
2022-02-26,2,1,0.0,81.81955247289267
2022-02-27,2,0,0.0,64.31927667073741
2022-02-28,2,0,0.0,54.961566243911705
2022-03-01,3,0,0.0,35.404405699545606
2022-03-02,3,0,0.0,40.739659168609805
2022-03-03,3,0,0.0,34.07539548436506
2022-03-04,3,1,0.0,68.5184240484597
2022-03-05,3,1,0.0,47.54355290948975
2022-03-06,3,0,0.0,48.0098832931015
2022-03-07,3,0,0.0,40.35381711072477
2022-03-08,3,0,0.0,38.06751218259223
2022-03-09,3,0,0.0,25.213138958322205
2022-03-10,3,0,0.0,31.181901952019174
2022-03-11,3,1,0.0,72.78786325819861
2022-03-12,3,1,0.0,60.12260901769971
2022-03-13,3,0,0.0,42.50558619285539
2022-03-14,3,0,0.0,32.08421188016188
2022-03-15,3,0,0.0,39.73850827397094
2022-03-16,3,0,0.0,27.650631566920186
2022-03-17,3,0,0.0,40.898940288590985
2022-03-18,3,1,0.0,65.33576807543184
2022-03-19,3,1,0.0,64.88553254466515
2022-03-20,3,0,0.0,31.867736525588544
2022-03-21,3,0,0.0,36.92154114309549
2022-03-22,3,0,0.0,44.83474731383468
2022-03-23,3,0,0.0,38.09706164249712
2022-03-24,3,0,0.4,37.09425155893901
2022-03-25,3,1,0.3,78.89120847763
2022-03-26,3,1,1.6,52.161097930204875
2022-03-27,3,0,8.1,43.243766212800836
2022-03-28,3,0,7.0,24.007874028455625
2022-03-29,3,0,1.5,44.693029771942726
2022-03-30,3,0,1.2,45.41337302311576
2022-03-31,3,0,0.4,35.08671360448659
2022-04-01,4,1,0.0,51.04270832424105
2022-04-02,4,1,0.4,43.94610116576924
2022-04-03,4,0,0.4,34.14397841967198
2022-04-04,4,0,2.6,42.65596783157092
2022-04-05,4,0,0.2,30.141346586103797
2022-04-06,4,0,0.0,40.872537228313554
2022-04-07,4,0,0.0,26.71213181880239
2022-04-08,4,1,0.0,59.895006271064325
2022-04-09,4,1,0.0,51.67660486221142
2022-04-10,4,0,0.0,39.29817548295016
2022-04-11,4,0,0.8,34.85028477353221
2022-04-12,4,0,0.0,29.2867047738616
2022-04-13,4,0,0.0,34.070138698999536
2022-04-14,4,0,0.1,31.512588239822065
2022-04-15,4,1,0.1,50.09467769786329
2022-04-16,4,1,0.8,71.10471242760475
2022-04-17,4,0,0.0,36.758426219941676
2022-04-18,4,0,0.4,19.859970958337012
2022-04-19,4,0,0.1,34.310472731647835
2022-04-20,4,0,8.8,41.19240542436438
2022-04-21,4,0,3.1,30.66777230068361
2022-04-22,4,1,1.9,73.95969490320266
2022-04-23,4,1,0.6,53.8100415053457
2022-04-24,4,0,0.4,44.210672502348096
2022-04-25,4,0,0.4,49.009747261319106
2022-04-26,4,0,0.0,44.051745750802894
2022-04-27,4,0,0.2,27.469554228230727
2022-04-28,4,0,0.0,31.51778280770592
2022-04-29,4,1,0.0,72.53063891347924
2022-04-30,4,1,0.1,54.67849689301221
2022-05-01,5,0,0.0,48.78108862511984
2022-05-02,5,0,0.1,36.047437503665506
2022-05-03,5,0,12.1,31.59293587297236
2022-05-04,5,0,25.7,6.965034506811435
2022-05-05,5,0,5.2,30.36559182758752
2022-05-06,5,1,0.0,54.1222425760425
2022-05-07,5,1,0.0,64.03039685502357
2022-05-08,5,0,0.2,40.67877821744295
2022-05-09,5,0,31.0,19.363849066210708
2022-05-10,5,0,22.0,17.985297472165943
2022-05-11,5,0,13.5,20.827929358348797
2022-05-12,5,0,11.2,32.68456176989877
2022-05-13,5,1,4.2,49.37369987293669
2022-05-14,5,1,5.2,67.5458027378033
2022-05-15,5,0,4.1,35.68929852069799
2022-05-16,5,0,0.1,36.984784012655396
2022-05-17,5,0,3.8,41.1195806047519
2022-05-18,5,0,4.0,36.11271950511455
2022-05-19,5,0,2.1,23.397534548483232
2022-05-20,5,1,2.7,50.287130905495104
2022-05-21,5,1,0.6,71.03937833478153
2022-05-22,5,0,1.0,39.954959130601246
2022-05-23,5,0,5.2,20.70588977872903
2022-05-24,5,0,1.1,42.289008600436496
2022-05-25,5,0,4.5,31.36667062117226
2022-05-26,5,0,11.1,23.24950042742096
2022-05-27,5,1,14.4,40.176145469295385
2022-05-28,5,1,9.4,63.47936524186818
2022-05-29,5,0,3.8,19.27051465195185
2022-05-30,5,0,19.6,16.78221133004459
2022-05-31,5,0,21.9,23.56114089320118
2022-06-01,6,0,2.8,51.96526762013147
2022-06-02,6,0,22.0,27.38472376715287
2022-06-03,6,1,7.6,48.30577846020478
2022-06-04,6,1,5.8,71.12418108696133
2022-06-05,6,0,8.6,20.923889402655245
2022-06-06,6,0,0.0,42.38802548819639
2022-06-07,6,0,0.1,44.310061811769934
2022-06-08,6,0,4.4,28.549959751196027
2022-06-09,6,0,2.5,44.27833746699429
2022-06-10,6,1,2.2,55.614988839531364
2022-06-11,6,1,0.2,68.09628184766169
2022-06-12,6,0,1.6,22.16364056672412
2022-06-13,6,0,0.7,42.45478481205987
2022-06-14,6,0,2.5,34.291039945757554
2022-06-15,6,0,12.0,40.74733404671039
2022-06-16,6,0,33.3,12.964173432061445
2022-06-17,6,1,21.3,56.20306580348107
2022-06-18,6,1,27.3,44.728514885297464
2022-06-19,6,0,37.2,9.092423868566579
2022-06-20,6,0,79.1,0.0
2022-06-21,6,0,59.7,0.0
2022-06-22,6,0,5.6,39.76719004042093
2022-06-23,6,0,4.7,15.609287628373352
2022-06-24,6,1,3.0,50.75695558312042
2022-06-25,6,1,1.7,73.09695261855332
2022-06-26,6,0,0.3,28.456487301082603
2022-06-27,6,0,1.9,46.42215035059226
2022-06-28,6,0,11.0,37.55807391101702
2022-06-29,6,0,7.4,27.548228745761733
2022-06-30,6,0,5.3,17.802915355949477
2022-07-01,7,1,52.8,14.639786618468658
2022-07-02,7,1,18.2,66.1421353926971
2022-07-03,7,0,4.3,28.790504370115812
2022-07-04,7,0,1.0,32.05168389860657
2022-07-05,7,0,1.4,29.901758307211562
2022-07-06,7,0,4.7,47.17306028894568
2022-07-07,7,0,6.9,32.29375859537404
2022-07-08,7,1,2.8,54.12684393945775
2022-07-09,7,1,2.8,72.48126615475816
2022-07-10,7,0,3.8,42.17544679141983
2022-07-11,7,0,2.3,29.88638782460766
2022-07-12,7,0,0.9,28.267744800443978
2022-07-13,7,0,3.1,47.943529683919756
2022-07-14,7,0,2.4,38.23109347367544
2022-07-15,7,1,1.2,47.098423821294986
2022-07-16,7,1,3.2,43.391958817958056
2022-07-17,7,0,2.2,28.195651563202176
2022-07-18,7,0,5.1,24.764638707072734
2022-07-19,7,0,6.9,16.06530726188707
2022-07-20,7,0,11.2,21.144437120163534
2022-07-21,7,0,1.6,30.448274945205316
2022-07-22,7,1,9.6,50.155868404538865
2022-07-23,7,1,19.8,61.39619040614941
2022-07-24,7,0,10.7,29.038410551115533
2022-07-25,7,0,0.2,38.331826460302075
2022-07-26,7,0,0.0,44.58329827419048
2022-07-27,7,0,0.0,37.86413736040096
2022-07-28,7,0,0.4,43.28137667498038
2022-07-29,7,1,0.2,64.36553389256561
2022-07-30,7,1,1.9,61.58329709039319
2022-07-31,7,0,1.4,63.77819475977063
2022-08-01,8,0,1.1,47.32013259639916
2022-08-02,8,0,15.7,17.704502137639423
2022-08-03,8,0,14.3,31.891999675702472
2022-08-04,8,0,7.6,26.79436874006252
2022-08-05,8,1,4.7,62.256256876538686
2022-08-06,8,1,3.5,46.82331324602558
2022-08-07,8,0,3.7,27.06998496724419
2022-08-08,8,0,7.6,37.01516806241114
2022-08-09,8,0,15.2,36.81902202238223
2022-08-10,8,0,28.3,21.883799138777118
2022-08-11,8,0,25.2,27.527056010816963
2022-08-12,8,1,13.0,54.96436702887461
2022-08-13,8,1,17.0,49.95246489129099
2022-08-14,8,0,39.8,3.6267605316740683
2022-08-15,8,0,0.8,46.67701627845117
2022-08-16,8,0,3.6,46.343913095439774
2022-08-17,8,0,3.9,36.31195877803203
2022-08-18,8,0,23.2,20.387665623992078
2022-08-19,8,1,23.2,57.762652305500126
2022-08-20,8,1,6.1,56.93620398165399
2022-08-21,8,0,0.8,40.04117283329372
2022-08-22,8,0,6.7,38.99803316977606
2022-08-23,8,0,23.2,20.559743696412617
2022-08-24,8,0,2.0,31.01693709531214
2022-08-25,8,0,0.6,42.9216901797117
2022-08-26,8,1,1.5,60.4512049097991
2022-08-27,8,1,4.9,74.66024780827047
2022-08-28,8,0,0.7,46.536036952631385
2022-08-29,8,0,0.0,34.64065942201299
2022-08-30,8,0,1.0,45.76154197271338
2022-08-31,8,0,0.9,42.05079251257882
2022-09-01,9,0,0.7,51.22483671750961
2022-09-02,9,1,5.9,52.559912084538645
2022-09-03,9,1,1.4,62.57808533523572
2022-09-04,9,0,23.2,20.54815715816757
2022-09-05,9,0,30.6,16.04631480752469
2022-09-06,9,0,1.0,31.23320945896446
2022-09-07,9,0,2.3,43.343205011218586
2022-09-08,9,0,14.0,32.56167848264547
2022-09-09,9,1,9.6,65.88701255229616
2022-09-10,9,1,18.3,47.269767332118974
2022-09-11,9,0,40.7,3.7334444257667823
2022-09-12,9,0,42.1,13.423649401496334
2022-09-13,9,0,27.3,11.012160565602839
2022-09-14,9,0,14.0,38.56486081575562
2022-09-15,9,0,5.8,45.105577976723325
2022-09-16,9,1,3.5,70.51551011020968
2022-09-17,9,1,3.9,62.269606862115445
2022-09-18,9,0,9.0,28.4215325566201
2022-09-19,9,0,4.4,37.46268953674826
2022-09-20,9,0,4.7,39.66062005571286
2022-09-21,9,0,2.2,33.198725193309116
2022-09-22,9,0,0.3,51.758046600326935
2022-09-23,9,1,1.4,66.10075750811689
2022-09-24,9,1,2.7,51.80999340210196
2022-09-25,9,0,8.7,49.98586308819199
2022-09-26,9,0,5.4,36.55650347653159
2022-09-27,9,0,11.1,21.27307261435012
2022-09-28,9,0,1.2,31.567712895274532
2022-09-29,9,0,1.6,52.1100523744881
2022-09-30,9,1,1.8,76.9848642459514
2022-10-01,10,1,21.4,53.96536548132826
2022-10-02,10,0,12.7,41.71377783728422
2022-10-03,10,0,21.6,33.6695391291875
2022-10-04,10,0,2.8,42.77224537487659
2022-10-05,10,0,2.8,40.72137609029833
2022-10-06,10,0,0.0,44.85876875028947
2022-10-07,10,1,0.0,68.62413898828964
2022-10-08,10,1,1.2,54.365617941262414
2022-10-09,10,0,2.9,44.26762856380899
2022-10-10,10,0,3.4,50.40755162567316
2022-10-11,10,0,3.4,35.42264814503872
2022-10-12,10,0,1.1,36.300769932103826
2022-10-13,10,0,0.9,43.568916783148
2022-10-14,10,1,0.7,55.59308204632677
2022-10-15,10,1,0.6,49.66863245035245
2022-10-16,10,0,1.6,49.0494713609466
2022-10-17,10,0,19.6,20.261438659789103
2022-10-18,10,0,3.2,37.60603720848188
2022-10-19,10,0,6.8,29.06887463092741
2022-10-20,10,0,0.0,51.49079333421699
2022-10-21,10,1,0.2,69.51858542455614
2022-10-22,10,1,0.0,59.8333441296167
2022-10-23,10,0,13.6,18.50092371713523
2022-10-24,10,0,37.0,7.277631756276196
2022-10-25,10,0,5.2,40.97137429954743
2022-10-26,10,0,0.0,41.69772133671789
2022-10-27,10,0,0.0,40.98188240006788
2022-10-28,10,1,0.0,63.905288835228305
2022-10-29,10,1,0.0,68.82916608348344
2022-10-30,10,0,0.0,39.6232671634146
2022-10-31,10,0,0.0,44.05012105413552
2022-11-01,11,0,0.1,49.037727130294115
2022-11-02,11,0,0.0,80.98465699277793
2022-11-03,11,0,0.0,55.44526612615371
2022-11-04,11,1,0.0,81.8323370709558
2022-11-05,11,1,0.0,85.0981897230759
2022-11-06,11,0,0.0,54.30288538839513
2022-11-07,11,0,0.0,58.07042314824517
2022-11-08,11,0,0.0,57.961077471910976
2022-11-09,11,0,0.0,49.773657166839605
2022-11-10,11,0,0.0,61.94730482985675
2022-11-11,11,1,0.0,65.15700345567143
2022-11-12,11,1,0.0,95.77437598174953
2022-11-13,11,0,0.0,65.13673796480553
2022-11-14,11,0,0.0,63.75210121888039
2022-11-15,11,0,0.0,42.370220988100826
2022-11-16,11,0,0.0,50.86724194036282
2022-11-17,11,0,0.0,70.50410608724549
2022-11-18,11,1,0.0,100.0
2022-11-19,11,1,0.0,90.75223218551328
2022-11-20,11,0,0.0,67.33249069225856
2022-11-21,11,0,0.0,62.724768053027695
2022-11-22,11,0,0.0,50.37252523860847
2022-11-23,11,0,0.0,66.95656674880297
2022-11-24,11,0,0.0,48.08913396612764
2022-11-25,11,1,0.0,69.10473351374132
2022-11-26,11,1,0.0,68.53823607105359
2022-11-27,11,0,0.0,66.78150381851434
2022-11-28,11,0,0.9,56.763273505652485
2022-11-29,11,0,0.4,58.58772289913942
2022-11-30,11,0,0.0,57.86136456654384
2022-12-01,12,0,0.0,47.86855112921597
2022-12-02,12,1,0.0,73.96342184584336
2022-12-03,12,1,0.0,74.41616414371893
2022-12-04,12,0,0.0,45.352556974971755
2022-12-05,12,0,0.0,53.46210914229684
2022-12-06,12,0,0.0,48.26824189243385
2022-12-07,12,0,0.0,63.19908065980293
2022-12-08,12,0,0.0,63.94873957570142
2022-12-09,12,1,0.0,68.35724789624099
2022-12-10,12,1,0.0,77.330314121768
2022-12-11,12,0,0.0,74.70453893185034
2022-12-12,12,0,0.0,49.17313392089536
2022-12-13,12,0,0.0,61.839740360155595
2022-12-14,12,0,0.0,58.94969740602596
2022-12-15,12,0,0.0,67.83598802056817
2022-12-16,12,1,0.0,82.65920157221666
2022-12-17,12,1,0.0,76.11834069868625
2022-12-18,12,0,0.0,58.60087709325597
2022-12-19,12,0,0.0,58.73232949558362
2022-12-20,12,0,0.0,57.17474335945459
2022-12-21,12,0,0.0,46.127996902083844
2022-12-22,12,0,0.0,69.18779746838104
2022-12-23,12,1,0.0,89.59790229077892
2022-12-24,12,1,0.0,70.60229875817129
2022-12-25,12,0,0.0,55.29346931034622
2022-12-26,12,0,0.0,55.97422897581205
2022-12-27,12,0,0.0,47.59133079550376
2022-12-28,12,0,1.4,40.078833590139595
2022-12-29,12,0,1.1,51.084666132788975
2022-12-30,12,1,0.0,76.79237893773927
2022-12-31,12,1,0.0,67.02889999972383
2023-01-01,1,0,0.0,59.59279987676931
2023-01-02,1,0,0.0,68.46570672984706
2023-01-03,1,0,0.0,65.5790453154874
2023-01-04,1,0,0.0,56.859829121571536
2023-01-05,1,0,0.0,41.43629473130923
2023-01-06,1,1,0.0,86.44132106593143
2023-01-07,1,1,0.0,81.31752952158102
2023-01-08,1,0,0.0,61.819159982962184
2023-01-09,1,0,0.0,75.42492520272262
2023-01-10,1,0,0.0,50.57669533422412
2023-01-11,1,0,0.0,32.126656601901615
2023-01-12,1,0,0.0,48.518908799712186
2023-01-13,1,1,0.0,84.37440561441039
2023-01-14,1,1,0.0,80.24233311573236
2023-01-15,1,0,0.0,47.059274833611866
2023-01-16,1,0,0.0,45.22254355141213
2023-01-17,1,0,0.0,54.80851885764344
2023-01-18,1,0,0.0,46.78514797106375
2023-01-19,1,0,0.0,62.68570076429073
2023-01-20,1,1,0.0,76.29715800236357
2023-01-21,1,1,0.0,74.3559390410146
2023-01-22,1,0,0.0,51.17551237369294
2023-01-23,1,0,0.0,60.36810453922535
2023-01-24,1,0,0.0,58.38348301384032
2023-01-25,1,0,0.0,59.81761542876335
2023-01-26,1,0,0.0,59.621164994252304
2023-01-27,1,1,0.0,79.35024017062965
2023-01-28,1,1,0.0,70.70182474887719
2023-01-29,1,0,0.0,51.42657885941864
2023-01-30,1,0,0.0,54.44792585374957
2023-01-31,1,0,0.0,76.5867571427949
2023-02-01,2,0,0.0,45.8604731162487
2023-02-02,2,0,0.0,54.22921147014799
2023-02-03,2,1,0.0,80.8844035409944
2023-02-04,2,1,0.0,77.27000522054757
2023-02-05,2,0,0.0,67.66572587293965
2023-02-06,2,0,0.0,55.223518625474206
2023-02-07,2,0,0.0,55.889127407644516
2023-02-08,2,0,0.0,65.33165662254686
2023-02-09,2,0,0.0,74.29640496626538
2023-02-10,2,1,0.0,92.66748536553496
2023-02-11,2,1,0.0,78.77011504301771
2023-02-12,2,0,0.0,57.55437209440837
2023-02-13,2,0,0.0,58.42047320305784
2023-02-14,2,0,0.0,59.32299467616327
2023-02-15,2,0,0.0,50.37386697086966
2023-02-16,2,0,0.0,66.42934418969895
2023-02-17,2,1,0.0,81.85948214950508
2023-02-18,2,1,0.0,79.59629430066218
2023-02-19,2,0,0.0,46.55969161096834
2023-02-20,2,0,0.0,58.56057587641551
2023-02-21,2,0,0.0,40.96108927101275
2023-02-22,2,0,0.0,52.76515590370991
2023-02-23,2,0,0.0,52.93212064168721
2023-02-24,2,1,0.0,82.58295673778856
2023-02-25,2,1,0.0,96.91865022450766
2023-02-26,2,0,0.0,63.14716719098894
2023-02-27,2,0,0.0,71.03561865372052
2023-02-28,2,0,0.0,63.806909557932194
2023-03-01,3,0,0.0,50.12548140718854
2023-03-02,3,0,0.0,56.71414617648796
2023-03-03,3,1,0.0,55.4134685092797
2023-03-04,3,1,0.0,54.82606009281647
2023-03-05,3,0,0.0,46.01929810429589
2023-03-06,3,0,0.0,39.96689391343979
2023-03-07,3,0,0.0,41.98318449526265
2023-03-08,3,0,0.0,37.76199797103376
2023-03-09,3,0,0.0,34.63367154677754
2023-03-10,3,1,0.0,76.58688201897523
2023-03-11,3,1,0.0,52.101249975620775
2023-03-12,3,0,0.0,46.1775303331739
2023-03-13,3,0,0.0,44.71805457157405
2023-03-14,3,0,0.0,25.788880321867804
2023-03-15,3,0,0.0,32.52297703005765
2023-03-16,3,0,0.0,34.03578495145119
2023-03-17,3,1,0.0,67.08125701984932
2023-03-18,3,1,0.0,58.69668404662504
2023-03-19,3,0,2.7,37.069691740502755
2023-03-20,3,0,2.8,24.641173787137447
2023-03-21,3,0,1.4,59.81320545043783
2023-03-22,3,0,0.9,39.920760568655474
2023-03-23,3,0,0.0,44.4910080756725
2023-03-24,3,1,0.0,57.134370602912995
2023-03-25,3,1,0.0,56.12635405638934
2023-03-26,3,0,0.0,57.21416189458178
2023-03-27,3,0,0.0,22.749505536940337
2023-03-28,3,0,4.2,39.14782361587699
2023-03-29,3,0,3.1,26.616464980028958
2023-03-30,3,0,0.0,36.354989610426955
2023-03-31,3,1,1.4,55.13714979093381
2023-04-01,4,1,8.7,46.16620084922677
2023-04-02,4,0,1.3,39.27897556735695
2023-04-03,4,0,3.0,14.487737674245409
2023-04-04,4,0,0.4,36.84060366273172
2023-04-05,4,0,1.5,37.98739022185022
2023-04-06,4,0,0.0,27.766511082345886
2023-04-07,4,1,0.0,75.61896849304445
2023-04-08,4,1,0.0,56.649874626824165
2023-04-09,4,0,0.0,37.86264181781647
2023-04-10,4,0,0.0,34.670027524767676
2023-04-11,4,0,0.0,39.265904916124725
2023-04-12,4,0,0.0,51.77329684155444
2023-04-13,4,0,0.0,62.25714223531127
2023-04-14,4,1,0.0,68.71075283330593
2023-04-15,4,1,0.0,71.79194390274594
2023-04-16,4,0,0.0,55.44784733329374
2023-04-17,4,0,0.0,42.239839690898116
2023-04-18,4,0,0.0,54.13225786250683
2023-04-19,4,0,0.0,47.13161019151363
2023-04-20,4,0,0.8,40.65588623380415
2023-04-21,4,1,8.7,58.19306931006321
2023-04-22,4,1,0.3,45.367247329689576
2023-04-23,4,0,15.8,29.989073344015345
2023-04-24,4,0,0.0,26.106272315983333
2023-04-25,4,0,0.0,25.372577635500033
2023-04-26,4,0,0.0,41.735908201227026
2023-04-27,4,0,0.0,29.973292643199514
2023-04-28,4,1,0.0,61.9359762382696
2023-04-29,4,1,0.0,63.24591067414878
2023-04-30,4,0,0.0,41.64744640735422
2023-05-01,5,0,0.0,31.862907336621085
2023-05-02,5,0,0.0,48.08814144233079
2023-05-03,5,0,0.1,39.11688287180529
2023-05-04,5,0,0.6,43.48968112154046
2023-05-05,5,1,0.0,51.23204347447703
2023-05-06,5,1,1.5,59.19505198883611
2023-05-07,5,0,0.0,49.87565034943108
2023-05-08,5,0,0.0,48.73159868627831
2023-05-09,5,0,0.0,32.824365853680455
2023-05-10,5,0,0.0,35.08997628482639
2023-05-11,5,0,0.0,31.101819429425632
2023-05-12,5,1,12.0,46.492283735652066
2023-05-13,5,1,43.8,14.36839213364124
2023-05-14,5,0,154.6,0.0
2023-05-15,5,0,0.1,45.618245583645596
2023-05-16,5,0,7.5,26.93452422579029
2023-05-17,5,0,0.4,38.864543456049404
2023-05-18,5,0,7.7,31.855514331317792
2023-05-19,5,1,0.1,71.41606858438398
2023-05-20,5,1,1.0,55.69567346876021
2023-05-21,5,0,0.0,34.82305503114234
2023-05-22,5,0,0.2,32.22580984536875
2023-05-23,5,0,1.2,28.80241431929361
2023-05-24,5,0,2.0,43.162664923022724
2023-05-25,5,0,7.4,32.864002833025694
2023-05-26,5,1,0.2,62.33328873840972
2023-05-27,5,1,0.5,73.07177040575857
2023-05-28,5,0,0.0,51.98872653335084
2023-05-29,5,0,0.0,25.18389122948677
2023-05-30,5,0,0.0,45.830512057860105
2023-05-31,5,0,2.5,40.0308223314007
2023-06-01,6,0,0.9,35.12568100768657
2023-06-02,6,1,0.0,64.94915318325148
2023-06-03,6,1,0.0,46.46255088301293
2023-06-04,6,0,0.3,52.923781084987596
2023-06-05,6,0,4.6,40.954496873647166
2023-06-06,6,0,4.7,28.45322029650607
2023-06-07,6,0,26.5,13.531308003624282
2023-06-08,6,0,40.5,0.0
2023-06-09,6,1,3.4,56.45438475147371
2023-06-10,6,1,63.2,7.0954122048347505
2023-06-11,6,0,22.3,10.234006515886168
2023-06-12,6,0,2.2,45.230320103388
2023-06-13,6,0,0.3,51.25117470725028
2023-06-14,6,0,10.8,31.1137555895997
2023-06-15,6,0,1.5,36.049178054382686
2023-06-16,6,1,3.7,62.954861419186145
2023-06-17,6,1,1.7,60.46324933754461
2023-06-18,6,0,1.0,29.460387053919327
2023-06-19,6,0,4.3,30.68589812071465
2023-06-20,6,0,4.0,34.13207593926772
2023-06-21,6,0,9.5,34.633679350290265
2023-06-22,6,0,15.6,27.604030460888215
2023-06-23,6,1,16.0,51.09332441988405
2023-06-24,6,1,37.0,18.676548150444702
2023-06-25,6,0,11.1,37.106959696764356
2023-06-26,6,0,51.0,0.0
2023-06-27,6,0,37.8,32.734381487351385
2023-06-28,6,0,7.9,30.191290668412282
2023-06-29,6,0,0.2,42.751126455984355
2023-06-30,6,1,2.4,85.54297245987652
2023-07-01,7,1,1.7,62.38682466552861
2023-07-02,7,0,0.8,38.751325146515846
2023-07-03,7,0,10.4,22.797702947244137
2023-07-04,7,0,1.0,52.95439730488087
2023-07-05,7,0,6.9,24.048085724410868
2023-07-06,7,0,19.5,28.244088251633094
2023-07-07,7,1,20.8,41.09800210822456
2023-07-08,7,1,2.5,58.2959736367978
2023-07-09,7,0,4.4,23.664609582509474
2023-07-10,7,0,10.0,44.088144995605056
2023-07-11,7,0,5.6,33.01982424673551
2023-07-12,7,0,6.9,23.544193069962695
2023-07-13,7,0,15.0,39.274215373360825
2023-07-14,7,1,27.0,35.86276868266427
2023-07-15,7,1,6.5,59.81146562557649
2023-07-16,7,0,5.2,43.4127474392093
2023-07-17,7,0,2.6,42.186308975168885
2023-07-18,7,0,1.3,19.190280045508683
2023-07-19,7,0,1.7,44.89821030880009
2023-07-20,7,0,3.4,36.37447613601385
2023-07-21,7,1,1.7,57.67874172877001
2023-07-22,7,1,1.5,59.818325459223
2023-07-23,7,0,3.7,22.549704854530262
2023-07-24,7,0,2.0,40.129538231956225
2023-07-25,7,0,0.8,27.08047763661621
2023-07-26,7,0,4.3,33.98744261399032
2023-07-27,7,0,4.8,37.566379883843894
2023-07-28,7,1,4.9,67.74633379188853
2023-07-29,7,1,3.0,52.223481561262574
2023-07-30,7,0,10.5,44.6642863466139
2023-07-31,7,0,17.8,34.28167928163633
2023-08-01,8,0,43.0,1.7353123175851763
2023-08-02,8,0,46.0,0.0
2023-08-03,8,0,36.0,0.0
2023-08-04,8,1,20.2,48.28578466379826
2023-08-05,8,1,25.2,35.20444265413268
2023-08-06,8,0,58.8,3.754211247535439
2023-08-07,8,0,102.9,0.0
2023-08-08,8,0,68.0,0.0
2023-08-09,8,0,13.9,30.982637161198824
2023-08-10,8,0,23.1,15.345578285565189
2023-08-11,8,1,7.8,55.83694994031923
2023-08-12,8,1,15.6,58.39390397052669
2023-08-13,8,0,35.7,12.495063985018515
2023-08-14,8,0,1.5,39.88868014632451
2023-08-15,8,0,4.8,38.00632038017576
2023-08-16,8,0,7.3,18.92210908743146
2023-08-17,8,0,11.1,34.64653974937441
2023-08-18,8,1,1.1,62.55938419053306
2023-08-19,8,1,0.7,69.47607594285078
2023-08-20,8,0,0.4,45.13229721023407
2023-08-21,8,0,0.7,37.62246231555037
2023-08-22,8,0,6.5,44.091536023596205
2023-08-23,8,0,17.9,23.046323721485514
2023-08-24,8,0,34.1,14.944413936699345
2023-08-25,8,1,51.7,17.839655125685788
2023-08-26,8,1,40.0,34.155820244308906
2023-08-27,8,0,56.2,0.0
2023-08-28,8,0,0.9,54.10796448047411
2023-08-29,8,0,2.1,56.47626463503075
2023-08-30,8,0,6.5,42.66544428767404
2023-08-31,8,0,1.6,52.591669844726255
2023-09-01,9,1,6.9,42.627069672268576
2023-09-02,9,1,14.5,37.607600310525044
2023-09-03,9,0,12.6,27.025954900319086
2023-09-04,9,0,13.9,29.251078687329898
2023-09-05,9,0,20.3,21.976133237103006
2023-09-06,9,0,5.2,21.06078275330342
2023-09-07,9,0,22.0,32.76432535691282
2023-09-08,9,1,16.6,68.10778410021243
2023-09-09,9,1,0.2,73.3688891125536
2023-09-10,9,0,2.2,48.00970941907825
2023-09-11,9,0,17.4,28.115076446310425
2023-09-12,9,0,4.5,28.813023663455766
2023-09-13,9,0,7.3,34.812752473723705
2023-09-14,9,0,34.0,31.75029233157353
2023-09-15,9,1,1.4,57.7121069874365
2023-09-16,9,1,4.1,54.62538476958453
2023-09-17,9,0,22.6,31.885732931935223
2023-09-18,9,0,53.6,7.6831744567103595
2023-09-19,9,0,3.9,29.24888374802677
2023-09-20,9,0,10.0,29.646638480863196
2023-09-21,9,0,6.3,30.44285053688709
2023-09-22,9,1,5.7,58.06720441154981
2023-09-23,9,1,0.7,71.37318003856343
2023-09-24,9,0,0.5,32.36375230984718
2023-09-25,9,0,0.1,49.72698331013243
2023-09-26,9,0,1.6,39.63486124029178
2023-09-27,9,0,18.2,46.3757292268285
2023-09-28,9,0,13.2,32.30947795933786
2023-09-29,9,1,40.3,28.88773287333661
2023-09-30,9,1,5.0,63.17243254404393
2023-10-01,10,0,4.3,33.52568385901511
2023-10-02,10,0,10.8,15.202541889833569
2023-10-03,10,0,14.8,25.995309431560116
2023-10-04,10,0,5.9,32.97335751837698
2023-10-05,10,0,1.4,24.5491428550517
2023-10-06,10,1,5.3,57.102683291849566
2023-10-07,10,1,0.0,43.39600797851543
2023-10-08,10,0,0.6,36.39081848360069
2023-10-09,10,0,0.3,41.95236392840205
2023-10-10,10,0,0.1,40.792965594244095
2023-10-11,10,0,1.8,34.86037474401864
2023-10-12,10,0,28.7,16.270226382467357
2023-10-13,10,1,0.3,54.70342006269952
2023-10-14,10,1,0.5,61.69734867480282
2023-10-15,10,0,0.1,40.44277765932594
2023-10-16,10,0,0.0,31.897750198886413
2023-10-17,10,0,0.0,42.40929280458188
2023-10-18,10,0,0.0,42.35307389572408
2023-10-19,10,0,0.0,38.50411077777036
2023-10-20,10,1,0.0,83.78942332658136
2023-10-21,10,1,0.0,60.73367851984122
2023-10-22,10,0,1.2,36.52689179164284
2023-10-23,10,0,4.8,32.3584620171304
2023-10-24,10,0,51.3,0.0
2023-10-25,10,0,6.8,40.733076238590634
2023-10-26,10,0,0.3,33.583777287824944
2023-10-27,10,1,0.0,56.888466677020226
2023-10-28,10,1,0.0,57.15582596415262
2023-10-29,10,0,0.0,31.1355083573634
2023-10-30,10,0,0.0,24.240250007097494
2023-10-31,10,0,0.0,35.83354119556726
2023-11-01,11,0,0.0,65.86001781441063
2023-11-02,11,0,0.1,59.6928182491872
2023-11-03,11,1,0.0,94.04517743169313
2023-11-04,11,1,0.0,86.75860674490265
2023-11-05,11,0,0.0,62.7156832924664
2023-11-06,11,0,0.0,74.94384120387443
2023-11-07,11,0,0.0,57.1256896449711
2023-11-08,11,0,0.0,58.56768106154457
2023-11-09,11,0,0.0,57.89682020505876
2023-11-10,11,1,0.0,93.89408058065194
2023-11-11,11,1,0.0,80.02263784813182
2023-11-12,11,0,0.0,52.16550363330606
2023-11-13,11,0,0.0,63.28907984166567
2023-11-14,11,0,0.0,50.65366170048675
2023-11-15,11,0,0.9,62.08124361352533
2023-11-16,11,0,25.6,41.24456840727651
2023-11-17,11,1,82.0,12.695375989741528
2023-11-18,11,1,5.4,80.77230414878144
2023-11-19,11,0,0.3,44.369890627224834
2023-11-20,11,0,8.2,52.90665909192487
2023-11-21,11,0,2.1,52.15511153799941
2023-11-22,11,0,0.0,83.76037219556069
2023-11-23,11,0,0.0,59.40242562676187
2023-11-24,11,1,0.0,74.63247155194907
2023-11-25,11,1,0.0,67.59528437552227
2023-11-26,11,0,0.0,69.74865577114839
2023-11-27,11,0,0.0,54.849705524286
2023-11-28,11,0,0.0,50.87783139632123
2023-11-29,11,0,0.0,61.02669292608154
2023-11-30,11,0,0.0,63.84746948265088
2023-12-01,12,1,0.0,85.70557639888577
2023-12-02,12,1,0.0,80.17775380753426
2023-12-03,12,0,0.0,59.43271123198048
2023-12-04,12,0,0.0,60.08833368112632
2023-12-05,12,0,0.0,61.02756639065986
2023-12-06,12,0,0.0,61.82396676311334
2023-12-07,12,0,22.9,49.530074761749916
2023-12-08,12,1,9.3,73.06773375823265
2023-12-09,12,1,0.0,72.64877060752674
2023-12-10,12,0,0.0,56.70137467206369
2023-12-11,12,0,0.0,64.78402736861497
2023-12-12,12,0,0.0,41.92124837453639
2023-12-13,12,0,0.0,41.973230241652345
2023-12-14,12,0,0.0,66.26448509253092
2023-12-15,12,1,0.0,93.68110535166196
2023-12-16,12,1,0.0,68.61319968482474
2023-12-17,12,0,0.0,58.90413343749606
2023-12-18,12,0,0.0,54.40409398374686
2023-12-19,12,0,0.0,55.652528989825385
2023-12-20,12,0,0.0,60.74977907880774
2023-12-21,12,0,0.0,46.36416793890326
2023-12-22,12,1,0.0,70.03504249556839
2023-12-23,12,1,0.0,77.28873944370898
2023-12-24,12,0,0.1,56.61161961895256
2023-12-25,12,0,0.0,47.866404048842455
2023-12-26,12,0,0.1,65.02682907310266
2023-12-27,12,0,0.0,54.2419512420007
2023-12-28,12,0,0.0,54.20364154539839
2023-12-29,12,1,0.0,82.54392911206911
2023-12-30,12,1,0.0,78.8398255153925
2023-12-31,12,0,0.0,65.53729131615232
2024-01-01,1,0,0.0,49.599197159794
2024-01-02,1,0,0.0,45.42352062642874
2024-01-03,1,0,0.0,55.21191192581253
2024-01-04,1,0,0.0,58.542125556415115
2024-01-05,1,1,0.0,68.83319650312231
2024-01-06,1,1,0.0,67.51021794469767
2024-01-07,1,0,0.0,59.64068004104187
2024-01-08,1,0,0.0,51.17997489416534
2024-01-09,1,0,0.0,44.92739454693772
2024-01-10,1,0,0.0,66.68807163082656
2024-01-11,1,0,0.0,52.31384794365617
2024-01-12,1,1,0.0,90.34830443478822
2024-01-13,1,1,0.0,80.25623711998485
2024-01-14,1,0,0.0,60.65282975849773
2024-01-15,1,0,0.0,56.096502285128324
2024-01-16,1,0,0.0,34.10353979908873
2024-01-17,1,0,0.0,47.76892158051666
2024-01-18,1,0,0.0,56.86861486253148
2024-01-19,1,1,0.7,82.72256223563434
2024-01-20,1,1,0.0,63.89293379850692
2024-01-21,1,0,0.0,57.51758462925585
2024-01-22,1,0,0.0,47.89962321507372
2024-01-23,1,0,0.0,60.11158148580689
2024-01-24,1,0,1.4,56.70539292870158
2024-01-25,1,0,2.1,63.01151442186616
2024-01-26,1,1,0.0,89.60140637168767
2024-01-27,1,1,0.0,84.13090909346626
2024-01-28,1,0,0.0,65.74354230073517
2024-01-29,1,0,0.0,54.846917716685454
2024-01-30,1,0,0.0,83.4080567014043
2024-01-31,1,0,0.0,47.03062813154607
2024-02-01,2,0,0.0,53.250197998816105
2024-02-02,2,1,0.0,88.11222724472204
2024-02-03,2,1,0.1,86.69449174374894
2024-02-04,2,0,0.0,62.38650117228114
2024-02-05,2,0,0.0,64.07786792193797
2024-02-06,2,0,0.0,39.24798560854563
2024-02-07,2,0,0.1,72.22368825084051
2024-02-08,2,0,0.0,56.164981370200465
2024-02-09,2,1,0.0,91.21304764043767
2024-02-10,2,1,0.0,61.6982607892884
2024-02-11,2,0,0.0,60.30911653133072
2024-02-12,2,0,0.0,52.928479487696364
2024-02-13,2,0,0.0,63.14908136423173
2024-02-14,2,0,0.0,60.85363407221961
2024-02-15,2,0,0.0,61.29443017749261
2024-02-16,2,1,0.0,70.46952480591658
2024-02-17,2,1,0.0,79.4872779126325
2024-02-18,2,0,0.0,56.37849656863593
2024-02-19,2,0,0.0,62.45779037536689
2024-02-20,2,0,0.0,66.9036729589012
2024-02-21,2,0,3.3,56.71428329807753
2024-02-22,2,0,0.0,46.514449404502614
2024-02-23,2,1,1.1,80.08820928610092
2024-02-24,2,1,0.1,100.0
2024-02-25,2,0,0.0,72.81404794289007
2024-02-26,2,0,0.0,31.230403935180707
2024-02-27,2,0,0.0,58.570088383253605
2024-02-28,2,0,0.0,66.38907572729809
2024-02-29,2,0,0.0,56.35905688688818
2024-03-01,3,1,0.0,57.859181718705045
2024-03-02,3,1,0.0,59.5973220642486
2024-03-03,3,0,0.0,44.96970536891187
2024-03-04,3,0,0.0,29.66377023062492
2024-03-05,3,0,0.0,50.698197864484335
2024-03-06,3,0,0.0,39.49606307471738
2024-03-07,3,0,0.0,31.584781532996054
2024-03-08,3,1,0.0,72.11915145258826
2024-03-09,3,1,0.0,48.09382185399523
2024-03-10,3,0,0.0,35.00310912698575
2024-03-11,3,0,0.0,34.85492441243352
2024-03-12,3,0,0.0,59.29547744412518
2024-03-13,3,0,0.0,33.83481308224501
2024-03-14,3,0,0.0,20.605313015499053
2024-03-15,3,1,0.1,56.68366396248773
2024-03-16,3,1,0.0,66.099953126643
2024-03-17,3,0,0.0,47.05676091925244
2024-03-18,3,0,0.0,60.48885724098495
2024-03-19,3,0,0.0,52.66207813887293
2024-03-20,3,0,0.0,41.69130334523637
2024-03-21,3,0,12.5,21.977260791827
2024-03-22,3,1,2.7,74.45624688212624
2024-03-23,3,1,1.0,57.88292804706392
2024-03-24,3,0,0.5,33.67658487406856
2024-03-25,3,0,0.0,36.24633578061337
2024-03-26,3,0,0.0,28.729405849928714
2024-03-27,3,0,0.0,35.81481917946122
2024-03-28,3,0,0.0,37.90202503019426
2024-03-29,3,1,0.2,68.41590945230907
2024-03-30,3,1,0.0,58.50720498409083
2024-03-31,3,0,0.2,28.432866823453367
2024-04-01,4,0,0.0,25.5660506026897
2024-04-02,4,0,0.2,41.72612772770805
2024-04-03,4,0,1.0,39.853632681223026
2024-04-04,4,0,0.2,34.85118559908149
2024-04-05,4,1,0.0,57.79289185557136
2024-04-06,4,1,0.0,65.49638239519253
2024-04-07,4,0,0.2,52.35491628320413
2024-04-08,4,0,0.0,32.97869874270411
2024-04-09,4,0,0.0,40.800125525938896
2024-04-10,4,0,0.0,48.62443363604791
2024-04-11,4,0,0.0,33.01497138822475
2024-04-12,4,1,0.0,61.85931096893025
2024-04-13,4,1,0.0,61.658039572211
2024-04-14,4,0,0.0,28.19834288460833
2024-04-15,4,0,0.0,41.51648915289061
2024-04-16,4,0,0.0,40.283902107439886
2024-04-17,4,0,0.0,44.99575824636452
2024-04-18,4,0,8.8,22.278021728053588
2024-04-19,4,1,0.1,62.009733467351026
2024-04-20,4,1,0.4,74.11560657290228
2024-04-21,4,0,0.4,58.37749848721058
2024-04-22,4,0,1.0,50.72116342074449
2024-04-23,4,0,0.1,29.32635644914782
2024-04-24,4,0,0.0,44.05947413839264
2024-04-25,4,0,0.0,35.65168082534998
2024-04-26,4,1,0.1,64.47510533816929
2024-04-27,4,1,0.0,55.050049648007686
2024-04-28,4,0,0.0,24.578739023329298
2024-04-29,4,0,0.2,36.73934485170151
2024-04-30,4,0,0.0,46.50342426949014
2024-05-01,5,0,0.6,42.1119977992643
2024-05-02,5,0,29.5,20.02653073922918
2024-05-03,5,1,16.0,51.147152906814405
2024-05-04,5,1,5.7,61.080747273611394
2024-05-05,5,0,4.4,41.24560583178032
2024-05-06,5,0,7.1,31.847867139408436
2024-05-07,5,0,16.7,27.38601505277655
2024-05-08,5,0,4.9,51.769325373827215
2024-05-09,5,0,0.0,41.278279261010255
2024-05-10,5,1,0.5,61.983071468085264
2024-05-11,5,1,0.0,62.92596056503759
2024-05-12,5,0,0.0,38.03882333515402
2024-05-13,5,0,0.0,36.08179632651277
2024-05-14,5,0,0.0,41.87810671928889
2024-05-15,5,0,0.0,35.448563182367636
2024-05-16,5,0,0.0,38.69036563470506
2024-05-17,5,1,0.1,54.805367641263416
2024-05-18,5,1,0.3,62.732106240808854
2024-05-19,5,0,1.1,44.37775449758424
2024-05-20,5,0,1.9,36.57276626080176
2024-05-21,5,0,0.0,21.924594067996157
2024-05-22,5,0,2.7,43.15334389649925
2024-05-23,5,0,0.1,41.001654584837844
2024-05-24,5,1,3.6,50.18091694987886
2024-05-25,5,1,3.6,66.07943218090945
2024-05-26,5,0,9.2,20.054173193557375
2024-05-27,5,0,72.0,0.0
2024-05-28,5,0,77.0,0.0
2024-05-29,5,0,3.1,17.10021432160402
2024-05-30,5,0,2.4,39.684966285369136
2024-05-31,5,1,1.3,57.304268687181576
2024-06-01,6,1,1.8,55.54835637359177
2024-06-02,6,0,1.5,32.16046814689403
2024-06-03,6,0,2.8,36.61505788226114
2024-06-04,6,0,9.7,27.87330186949573
2024-06-05,6,0,0.6,22.809787811304535
2024-06-06,6,0,0.3,51.20861098009484
2024-06-07,6,1,7.5,53.800781096343755
2024-06-08,6,1,7.0,49.81258485709563
2024-06-09,6,0,2.5,27.84418685709202
2024-06-10,6,0,0.9,46.21658860707629
2024-06-11,6,0,1.0,27.51411227813128
2024-06-12,6,0,26.4,20.085885716721698
2024-06-13,6,0,21.1,17.867158983137767
2024-06-14,6,1,5.8,52.63122305493901
2024-06-15,6,1,1.4,50.94796422121691
2024-06-16,6,0,1.4,33.297125107305064
2024-06-17,6,0,6.0,35.279311523561724
2024-06-18,6,0,4.5,38.51781003714093
2024-06-19,6,0,57.3,0.0
2024-06-20,6,0,1.4,38.06159037806328
2024-06-21,6,1,19.9,54.0760898787338
2024-06-22,6,1,1.0,46.23634298745835
2024-06-23,6,0,6.9,34.42357923767326
2024-06-24,6,0,4.2,28.08294449138044
2024-06-25,6,0,3.9,27.40584245095122
2024-06-26,6,0,5.3,38.10910361698291
2024-06-27,6,0,3.7,32.132736781991966
2024-06-28,6,1,7.8,44.8087718638841
2024-06-29,6,1,40.7,41.358548728629884
2024-06-30,6,0,68.9,0.0
2024-07-01,7,0,79.7,0.0
2024-07-02,7,0,124.3,0.0
2024-07-03,7,0,49.7,5.5811136418681295
2024-07-04,7,0,14.6,25.756135502662772
2024-07-05,7,1,15.9,62.785171799194615
2024-07-06,7,1,10.3,59.30702758686909
2024-07-07,7,0,1.8,41.25518971468598
2024-07-08,7,0,1.8,29.36323577357107
2024-07-09,7,0,9.3,36.98296265378025
2024-07-10,7,0,5.2,24.358124407245803
2024-07-11,7,0,32.1,26.067200800690614
2024-07-12,7,1,18.0,51.39924730116418
2024-07-13,7,1,22.8,36.33652480918167
2024-07-14,7,0,4.2,43.88209685319083
2024-07-15,7,0,1.1,59.293724002227016
2024-07-16,7,0,1.8,36.60144610171494
2024-07-17,7,0,4.4,41.43371870722163
2024-07-18,7,0,5.7,31.553536122780983
2024-07-19,7,1,1.6,61.48816995856511
2024-07-20,7,1,3.7,45.47488895971697
2024-07-21,7,0,33.9,12.875234378447214
2024-07-22,7,0,39.3,8.952195968475506
2024-07-23,7,0,32.6,30.110979991602733
2024-07-24,7,0,42.9,0.0
2024-07-25,7,0,146.7,0.0
2024-07-26,7,1,36.4,44.47305496047932
2024-07-27,7,1,18.7,44.864056537811194
2024-07-28,7,0,23.4,19.73792620313502
2024-07-29,7,0,31.8,7.060668776060431
2024-07-30,7,0,30.1,7.526551577635178
2024-07-31,7,0,69.5,0.0
2024-08-01,8,0,59.5,0.0
2024-08-02,8,1,31.9,27.575804503990895
2024-08-03,8,1,10.2,54.902349502913665
2024-08-04,8,0,12.0,23.310986178186415
2024-08-05,8,0,2.0,34.083681134563435
2024-08-06,8,0,12.3,26.090151462481057
2024-08-07,8,0,19.9,23.64651335938665
2024-08-08,8,0,17.8,21.00329969235643
2024-08-09,8,1,17.8,38.20392519056581
2024-08-10,8,1,8.9,55.65189799553054
2024-08-11,8,0,5.8,44.9673489463815
2024-08-12,8,0,1.8,39.716195762116975
2024-08-13,8,0,24.8,14.671616055852397
2024-08-14,8,0,16.7,25.531682354157375
2024-08-15,8,0,8.3,14.90430506679115
2024-08-16,8,1,40.6,28.265375254150214
2024-08-17,8,1,42.0,24.796810678185743
2024-08-18,8,0,47.8,0.0
2024-08-19,8,0,33.1,6.751114829012284
2024-08-20,8,0,35.8,7.667889486143178
2024-08-21,8,0,9.7,41.17212448405842
2024-08-22,8,0,37.5,19.828543751020835
2024-08-23,8,1,25.5,33.246873545979696
2024-08-24,8,1,31.9,31.817303640809463
2024-08-25,8,0,54.7,0.0
2024-08-26,8,0,48.3,8.64590963995112
2024-08-27,8,0,3.2,38.74955897368455
2024-08-28,8,0,1.5,39.635108763769374
2024-08-29,8,0,3.3,42.18636352079071
2024-08-30,8,1,2.0,55.03227932430161
2024-08-31,8,1,1.7,72.91497916918652
2024-09-01,9,0,4.1,36.704298083218184
2024-09-02,9,0,5.9,27.576787984272784
2024-09-03,9,0,1.5,36.733237805819435
2024-09-04,9,0,2.3,49.247354917870844
2024-09-05,9,0,8.9,29.053720776146044
2024-09-06,9,1,1.6,69.26602019140348
2024-09-07,9,1,6.6,51.09188786505631
2024-09-08,9,0,7.5,27.109026729004242
2024-09-09,9,0,3.9,42.81637669534863
2024-09-10,9,0,8.7,25.174246954188334
2024-09-11,9,0,30.1,23.32286225145526
2024-09-12,9,0,109.1,0.0
2024-09-13,9,1,382.0,0.0
2024-09-14,9,1,87.4,0.0
2024-09-15,9,0,6.6,29.781031384964162
2024-09-16,9,0,0.7,42.58078901002153
2024-09-17,9,0,1.2,56.03018420459877
2024-09-18,9,0,1.7,35.3036585740132
2024-09-19,9,0,14.2,33.443986464726564
2024-09-20,9,1,4.2,58.859965775007645
2024-09-21,9,1,10.9,53.49651932756862
2024-09-22,9,0,0.0,38.51315391341629
2024-09-23,9,0,20.2,16.123242982836015
2024-09-24,9,0,5.4,38.6962595435421
2024-09-25,9,0,30.9,12.681324250725504
2024-09-26,9,0,10.3,23.616799246351462
2024-09-27,9,1,0.4,70.80755936023469
2024-09-28,9,1,0.9,62.17108660432109
2024-09-29,9,0,0.5,37.54710938391085
2024-09-30,9,0,1.1,51.180509532716684
2024-10-01,10,0,9.6,15.795266180203019
2024-10-02,10,0,62.4,1.535387233561794
2024-10-03,10,0,18.9,16.95830845777405
2024-10-04,10,1,26.7,42.54379285473968
2024-10-05,10,1,6.8,51.267426212913605
2024-10-06,10,0,9.2,24.332990635928187
2024-10-07,10,0,0.0,51.82497873371591
2024-10-08,10,0,0.0,56.70594910655757
2024-10-09,10,0,0.4,37.688969144140295
2024-10-10,10,0,1.2,42.05927231974865
2024-10-11,10,1,1.5,61.3129212649625
2024-10-12,10,1,0.5,77.1745615361757
2024-10-13,10,0,0.0,20.981645972918187
2024-10-14,10,0,0.0,43.39411097143198
2024-10-15,10,0,0.0,33.455863172704596
2024-10-16,10,0,0.0,18.79632380675939
2024-10-17,10,0,0.0,36.75522912313683
2024-10-18,10,1,0.0,78.63243911819498
2024-10-19,10,1,0.0,56.0955572863964
2024-10-20,10,0,0.0,47.1168895590815
2024-10-21,10,0,6.7,45.4280497735703
2024-10-22,10,0,2.8,37.6457287764243
2024-10-23,10,0,4.4,37.56410056570162
2024-10-24,10,0,0.4,24.233318841129993
2024-10-25,10,1,2.5,53.55452523144618
2024-10-26,10,1,0.6,69.68306861896997
2024-10-27,10,0,0.0,40.54611187333361
2024-10-28,10,0,0.0,43.30607297299314
2024-10-29,10,0,0.0,41.198418217147456
2024-10-30,10,0,0.0,59.72803549866788
2024-10-31,10,0,0.3,35.885321519302586
2024-11-01,11,1,0.2,94.2886903868768
2024-11-02,11,1,0.0,81.20152899986059
2024-11-03,11,0,0.0,73.24779077122719
2024-11-04,11,0,0.0,46.975197196676646
2024-11-05,11,0,1.1,58.781869868677745
2024-11-06,11,0,2.3,52.61681894468877
2024-11-07,11,0,1.2,58.295251022650355
2024-11-08,11,1,0.4,90.68138636399516
2024-11-09,11,1,0.0,83.40928644822151
2024-11-10,11,0,0.1,68.90344421024244
2024-11-11,11,0,0.0,51.96801016053449
2024-11-12,11,0,0.0,50.59448988228655
2024-11-13,11,0,0.2,57.9849456582354
2024-11-14,11,0,0.0,57.65213039448023
2024-11-15,11,1,0.0,78.32726568058227
2024-11-16,11,1,0.0,71.37231446896384
2024-11-17,11,0,0.0,68.787864308667
2024-11-18,11,0,0.0,54.73446519429861
2024-11-19,11,0,0.0,70.83470309991414
2024-11-20,11,0,0.0,58.11469028683652
2024-11-21,11,0,0.0,63.8358603773264
2024-11-22,11,1,0.0,85.01938678667314
2024-11-23,11,1,0.0,72.58152733684233
2024-11-24,11,0,0.0,61.3048262939724
2024-11-25,11,0,0.0,75.35499650020395
2024-11-26,11,0,0.0,60.26451027790321
2024-11-27,11,0,0.0,66.11149065603708
2024-11-28,11,0,3.2,61.679446601329666
2024-11-29,11,1,0.4,82.44344692528489
2024-11-30,11,1,0.0,81.67830845952273
2024-12-01,12,0,0.0,62.925840032091706
2024-12-02,12,0,0.0,64.86954291828052
2024-12-03,12,0,0.0,45.83052348654034
2024-12-04,12,0,0.0,60.2257260018681
2024-12-05,12,0,0.0,56.343299073274146
2024-12-06,12,1,0.0,76.47625840713462
2024-12-07,12,1,0.0,91.66367941125716
2024-12-08,12,0,0.0,51.40168376742532
2024-12-09,12,0,0.0,45.44707845720998
2024-12-10,12,0,0.0,65.1614460284727
2024-12-11,12,0,0.0,45.216455291014995
2024-12-12,12,0,0.0,40.64851229837293
2024-12-13,12,1,0.0,88.17440920990968
2024-12-14,12,1,0.0,81.42850025506239
2024-12-15,12,0,0.0,62.254476646318984
2024-12-16,12,0,0.0,54.0181518269834
2024-12-17,12,0,0.1,45.46034481551883
2024-12-18,12,0,0.0,47.32791507744099
2024-12-19,12,0,0.0,55.55029990511844
2024-12-20,12,1,0.0,68.54837427873763
2024-12-21,12,1,0.0,82.76347616341089
2024-12-22,12,0,0.0,53.83787855769023
2024-12-23,12,0,0.0,59.66532442628775
2024-12-24,12,0,0.0,59.396333154037876
2024-12-25,12,0,0.0,61.48119598982074
2024-12-26,12,0,0.0,62.495342745600986
2024-12-27,12,1,0.0,76.9048946829868
2024-12-28,12,1,0.0,81.65572339970447
2024-12-29,12,0,0.0,60.12407315578157
2024-12-30,12,0,0.0,36.13998721815972
2024-12-31,12,0,0.0,63.81873171273541
2025-01-01,1,0,0.0,59.34947976598226
2025-01-02,1,0,0.0,63.076439787192136
2025-01-03,1,1,0.0,68.41840764097464
2025-01-04,1,1,0.0,77.15804142353846
2025-01-05,1,0,0.0,48.176234890909775
2025-01-06,1,0,0.0,64.70141238591587
2025-01-07,1,0,0.0,45.35395112138355
2025-01-08,1,0,0.0,49.64210696269911
2025-01-09,1,0,0.0,62.808827154447826
2025-01-10,1,1,0.0,74.33562920950477
2025-01-11,1,1,0.0,71.64448408889848
2025-01-12,1,0,0.0,66.16047486586164
2025-01-13,1,0,0.0,66.52940580932682
2025-01-14,1,0,0.0,64.49864073286899
2025-01-15,1,0,0.0,65.63838706546264
2025-01-16,1,0,0.0,55.91578648955749
2025-01-17,1,1,0.0,78.15866322827046
2025-01-18,1,1,0.0,74.16726849319758
2025-01-19,1,0,0.0,59.509562509443796
2025-01-20,1,0,0.0,53.24891505406737
2025-01-21,1,0,0.0,54.10240414665721
2025-01-22,1,0,0.0,63.3991039058461
2025-01-23,1,0,0.0,68.66085320962942
2025-01-24,1,1,0.0,83.58434228843086
2025-01-25,1,1,0.0,96.14884278718311
2025-01-26,1,0,0.0,51.65035985170527
2025-01-27,1,0,0.0,41.45822824711667
2025-01-28,1,0,0.0,64.43165100630598
2025-01-29,1,0,0.0,51.05349802617942
2025-01-30,1,0,0.0,55.536769824021725
2025-01-31,1,1,0.0,64.07183140890989
2025-02-01,2,1,0.0,71.90710777388756
2025-02-02,2,0,0.0,44.47995325078688
2025-02-03,2,0,0.0,54.09127062921727
2025-02-04,2,0,0.0,54.449036555053446
2025-02-05,2,0,0.0,58.80964370393388
2025-02-06,2,0,0.0,69.15750667919657
2025-02-07,2,1,0.0,86.09215638408037
2025-02-08,2,1,0.0,65.40047327410568
2025-02-09,2,0,0.0,63.47213892051571
2025-02-10,2,0,0.0,59.00579227697314
2025-02-11,2,0,0.0,57.119562111675116
2025-02-12,2,0,0.0,57.795704230564965
2025-02-13,2,0,0.0,59.84097185277629
2025-02-14,2,1,2.5,71.77301888087791
2025-02-15,2,1,0.1,78.27884228227823
2025-02-16,2,0,0.0,68.6554521150265
2025-02-17,2,0,0.0,51.6648479401702
2025-02-18,2,0,0.0,48.73100821442414
2025-02-19,2,0,0.0,57.444633869135345
2025-02-20,2,0,0.0,47.82490188919287
2025-02-21,2,1,0.0,64.49495190691096
2025-02-22,2,1,0.0,76.89979540632665
2025-02-23,2,0,0.0,71.03759696107531
2025-02-24,2,0,0.0,57.65256313710796
2025-02-25,2,0,0.0,59.60719385003392
2025-02-26,2,0,0.0,38.82866477663987
2025-02-27,2,0,0.0,61.94312943196852
2025-02-28,2,1,0.0,80.84029275178813
2025-03-01,3,1,0.0,56.01576654764581
2025-03-02,3,0,0.0,41.62045424262136
2025-03-03,3,0,0.0,41.53109455442164
2025-03-04,3,0,0.0,30.46460864477858
2025-03-05,3,0,0.0,42.98668354101919
2025-03-06,3,0,0.0,50.77421880274439
2025-03-07,3,1,0.0,59.94852672073835
2025-03-08,3,1,0.0,54.19165217806603
2025-03-09,3,0,0.0,38.40177937178444
2025-03-10,3,0,0.0,47.69151875557986
2025-03-11,3,0,0.0,28.96313044632455
2025-03-12,3,0,0.0,45.20702432905763
2025-03-13,3,0,0.0,33.89786987331567
2025-03-14,3,1,0.0,64.17856773241763
2025-03-15,3,1,0.0,56.921018524589925
2025-03-16,3,0,0.0,34.896847404265955
2025-03-17,3,0,0.0,53.70785424611543
2025-03-18,3,0,0.0,27.318220685198575
2025-03-19,3,0,0.0,44.3682955979099
2025-03-20,3,0,0.0,55.58191969829158
2025-03-21,3,1,0.0,68.1696973382554
2025-03-22,3,1,0.0,50.02012682864736
2025-03-23,3,0,0.0,28.46577541976135
2025-03-24,3,0,0.0,33.23537161018238
2025-03-25,3,0,0.0,41.421171203678874
2025-03-26,3,0,0.0,42.03348424680147
2025-03-27,3,0,0.0,28.554731011302763
2025-03-28,3,1,0.0,54.1451828739773
2025-03-29,3,1,0.0,54.69665761717982
2025-03-30,3,0,0.0,38.373278726965964
2025-03-31,3,0,0.1,57.782259115619674
2025-04-01,4,0,0.0,31.60131640938897
2025-04-02,4,0,0.0,31.207379501777908
2025-04-03,4,0,0.0,29.8017373437054
2025-04-04,4,1,0.0,67.71990114118009
2025-04-05,4,1,0.0,61.62792563280408
2025-04-06,4,0,0.0,31.933961066470374
2025-04-07,4,0,0.9,36.01483974599501
2025-04-08,4,0,0.9,32.15640729138069
2025-04-09,4,0,0.0,42.663021530703205
2025-04-10,4,0,0.3,63.919389461167015
2025-04-11,4,1,3.4,64.23777965123013
2025-04-12,4,1,0.0,61.163103364033724
2025-04-13,4,0,0.1,33.935220612608425
2025-04-14,4,0,4.2,24.549399263036353
2025-04-15,4,0,9.5,39.00320758262732
2025-04-16,4,0,5.4,41.794187605296884
2025-04-17,4,0,0.8,35.165091029782744
2025-04-18,4,1,1.7,71.56000584648356
2025-04-19,4,1,5.2,58.029962449965765
2025-04-20,4,0,3.5,44.17284661855622
2025-04-21,4,0,4.5,39.0657730182971
2025-04-22,4,0,0.0,38.405777081101256
2025-04-23,4,0,0.0,31.40603849823262
2025-04-24,4,0,2.6,36.61017066873596
2025-04-25,4,1,0.1,69.49845602005362
2025-04-26,4,1,0.0,57.42678399290516
2025-04-27,4,0,0.0,43.957672560428605
2025-04-28,4,0,2.4,28.335377061783966
2025-04-29,4,0,1.8,45.58052502517322
2025-04-30,4,0,1.7,41.45647202840966
2025-05-01,5,0,6.5,23.98100317047149
2025-05-02,5,1,4.7,56.223869288305494
2025-05-03,5,1,0.4,70.06296818386532
2025-05-04,5,0,1.8,27.228707134120985
2025-05-05,5,0,1.2,29.40144785237559
2025-05-06,5,0,0.9,38.65452740692156
2025-05-07,5,0,0.0,59.19997657388975
2025-05-08,5,0,0.2,33.78679724364452
2025-05-09,5,1,0.0,66.45746599626946
2025-05-10,5,1,0.0,64.34121866841215
2025-05-11,5,0,0.0,34.694320897610105
2025-05-12,5,0,0.0,41.45020016606387
2025-05-13,5,0,0.4,35.6494880411454
2025-05-14,5,0,3.9,33.6597568889514
2025-05-15,5,0,1.6,23.7685528750418
2025-05-16,5,1,9.6,54.100073886203106
2025-05-17,5,1,1.1,69.21184155960296
2025-05-18,5,0,17.5,26.51683197301717
2025-05-19,5,0,0.1,49.73456984740187
2025-05-20,5,0,18.3,30.582947013505155
2025-05-21,5,0,7.0,33.86412824302802
2025-05-22,5,0,22.3,16.50867002293863
2025-05-23,5,1,9.9,49.70362656174736
2025-05-24,5,1,3.4,46.04540573456591
2025-05-25,5,0,19.3,22.156289989115063
2025-05-26,5,0,7.2,35.55398882707738
2025-05-27,5,0,22.3,37.598789880193095
2025-05-28,5,0,35.7,16.194882909509886
2025-05-29,5,0,67.6,0.0
2025-05-30,5,1,59.1,1.765685520330745
2025-05-31,5,1,35.8,31.501031215158847
2025-06-01,6,0,41.1,14.42588002144974
2025-06-02,6,0,47.6,0.0
2025-06-03,6,0,5.4,40.557857575050356
2025-06-04,6,0,3.4,35.649870956730304
2025-06-05,6,0,0.8,45.813003912440394
2025-06-06,6,1,1.1,46.74467779564905
2025-06-07,6,1,0.2,76.2776390813149
2025-06-08,6,0,0.3,29.747648965986603
2025-06-09,6,0,1.6,45.863590967567994
2025-06-10,6,0,7.7,31.390344047979408
2025-06-11,6,0,12.6,28.877548896697895
2025-06-12,6,0,14.8,25.990082846268663
2025-06-13,6,1,1.6,63.02044126546344
2025-06-14,6,1,8.7,59.15772088952805
2025-06-15,6,0,22.4,31.605253606407615
2025-06-16,6,0,32.5,26.671539943376402
2025-06-17,6,0,60.7,0.0
2025-06-18,6,0,85.0,0.0
2025-06-19,6,0,41.2,7.876752885402301
2025-06-20,6,1,37.7,41.53696326027631
2025-06-21,6,1,17.8,51.61847705615532
2025-06-22,6,0,6.0,30.25715831717171
2025-06-23,6,0,12.4,31.71110738941859
2025-06-24,6,0,4.5,40.92854689758212
2025-06-25,6,0,8.7,32.75021681737653
2025-06-26,6,0,10.1,35.63570866197801
2025-06-27,6,1,8.3,63.14826663394205
2025-06-28,6,1,44.7,26.02964172203696
2025-06-29,6,0,40.8,0.0
2025-06-30,6,0,5.3,50.86443136344033
2025-07-01,7,0,12.6,27.241677128017045
2025-07-02,7,0,25.1,12.510478012509317
2025-07-03,7,0,41.7,0.0
2025-07-04,7,1,74.4,0.0
2025-07-05,7,1,47.0,19.33526951814716
2025-07-06,7,0,43.9,0.0
2025-07-07,7,0,108.7,0.0
2025-07-08,7,0,48.0,6.367685416538395
2025-07-09,7,0,33.5,31.47327096902791
2025-07-10,7,0,16.9,33.86514438213411
2025-07-11,7,1,6.0,67.30338366279113
2025-07-12,7,1,13.0,48.20330971697935
2025-07-13,7,0,22.7,22.7819882899552
2025-07-14,7,0,31.4,18.71834163807258
2025-07-15,7,0,1.0,33.26397895721507
2025-07-16,7,0,0.8,35.528429365057946
2025-07-17,7,0,0.7,47.13096762499769
2025-07-18,7,1,2.6,69.73263479590098
2025-07-19,7,1,2.8,60.36669242563732
2025-07-20,7,0,2.2,27.483585372991467
2025-07-21,7,0,9.6,29.65967215104108
2025-07-22,7,0,4.6,23.348019789447157
2025-07-23,7,0,2.1,38.99682168851254
2025-07-24,7,0,22.6,24.218628001442767
2025-07-25,7,1,50.4,19.243606210660012
2025-07-26,7,1,41.2,31.21540100144884
2025-07-27,7,0,31.1,18.87211115175455
2025-07-28,7,0,19.7,26.551758386164117
2025-07-29,7,0,40.4,0.0
2025-07-30,7,0,24.5,18.12062107038575
2025-07-31,7,0,27.9,21.36858680439641
2025-08-01,8,1,25.6,55.72840594175399
2025-08-02,8,1,14.9,47.63266824785172
2025-08-03,8,0,2.5,42.95756180403299
2025-08-04,8,0,1.4,46.78336720731441
2025-08-05,8,0,0.5,37.83035071464697
2025-08-06,8,0,7.9,44.01566972738606
2025-08-07,8,0,20.8,34.179564482878064
2025-08-08,8,1,13.5,63.62346260655072
2025-08-09,8,1,3.4,63.405889520869785
2025-08-10,8,0,2.9,58.921235246917824
2025-08-11,8,0,0.5,34.06245198512093
2025-08-12,8,0,0.8,58.47669827561046
2025-08-13,8,0,5.6,42.4346953979259
2025-08-14,8,0,11.6,42.78348599724046
2025-08-15,8,1,6.8,53.679660209124606
2025-08-16,8,1,8.2,63.040272326673865
2025-08-17,8,0,5.6,48.36276747297927
2025-08-18,8,0,0.8,29.57377220648515
2025-08-19,8,0,3.3,35.89006346366123
2025-08-20,8,0,9.3,13.288725805919313
2025-08-21,8,0,42.1,4.71500320835759
2025-08-22,8,1,28.6,31.775926258859222
2025-08-23,8,1,35.8,31.400090808299385
2025-08-24,8,0,7.0,60.71279021844194
2025-08-25,8,0,1.2,54.500231561174786
2025-08-26,8,0,4.4,23.52497216969431
2025-08-27,8,0,18.7,30.041644714394643
2025-08-28,8,0,3.5,44.39037978353315
2025-08-29,8,1,17.7,44.798926219658696
2025-08-30,8,1,5.3,59.36476842842694
2025-08-31,8,0,0.1,42.403839866734984
2025-09-01,9,0,16.9,14.360497644243258
2025-09-02,9,0,1.0,29.91803581322467
2025-09-03,9,0,6.0,36.750670465968916
2025-09-04,9,0,6.4,35.7746227518359
2025-09-05,9,1,8.3,48.98293556124458
2025-09-06,9,1,2.0,53.250614741315395
2025-09-07,9,0,1.4,38.07198675295915
2025-09-08,9,0,3.8,44.93535857684946
2025-09-09,9,0,6.2,34.351628061478166
2025-09-10,9,0,6.9,49.08457747572084
2025-09-11,9,0,12.4,23.81761507103695
2025-09-12,9,1,3.7,60.77798821309343
2025-09-13,9,1,13.2,48.25134113806394
2025-09-14,9,0,21.5,28.091648517717992
2025-09-15,9,0,17.9,18.645709059973235
2025-09-16,9,0,2.4,55.4265797859438
2025-09-17,9,0,0.8,24.144488372315944
2025-09-18,9,0,0.7,54.87932215712221
2025-09-19,9,1,0.8,62.16989622197949
2025-09-20,9,1,7.3,61.131821235722214
2025-09-21,9,0,15.8,39.370724127827614
2025-09-22,9,0,16.1,34.83895345649462
2025-09-23,9,0,12.1,23.749758009862447
2025-09-24,9,0,5.6,40.920805997363416
2025-09-25,9,0,2.6,54.72726575371155
2025-09-26,9,1,1.3,52.9743745905526
2025-09-27,9,1,13.6,70.1858566007458
2025-09-28,9,0,11.0,34.671322373717075
2025-09-29,9,0,0.4,35.780950052717685
2025-09-30,9,0,7.8,25.720395538525707
2025-10-01,10,0,1.3,36.95041633032553
2025-10-02,10,0,22.0,4.802495020365541
2025-10-03,10,1,9.9,50.34279977847091
2025-10-04,10,1,0.7,59.07365480529949
2025-10-05,10,0,1.9,28.81027715798822
2025-10-06,10,0,5.7,42.170606754139236
2025-10-07,10,0,8.8,30.991103409895516
2025-10-08,10,0,4.5,30.677849098470148
2025-10-09,10,0,3.3,34.431994584383105
2025-10-10,10,1,9.3,57.75596725984263
2025-10-11,10,1,1.4,61.53899089420295
2025-10-12,10,0,1.7,32.331224207211804
2025-10-13,10,0,0.1,41.050881266364
2025-10-14,10,0,0.5,39.143916381903686
2025-10-15,10,0,0.8,29.104821991660685
2025-10-16,10,0,4.9,33.48345775843465
2025-10-17,10,1,11.3,58.17404443378799
2025-10-18,10,1,2.4,65.22924433906857
2025-10-19,10,0,4.6,34.250321008369454
2025-10-20,10,0,2.9,43.770955153073785
2025-10-21,10,0,0.6,30.70040052713841
2025-10-22,10,0,1.4,30.33910945626007
2025-10-23,10,0,5.1,33.658705330356874
2025-10-24,10,1,0.7,74.91809522478422
2025-10-25,10,1,0.7,62.90926463884385
2025-10-26,10,0,0.3,37.281707713008046
2025-10-27,10,0,0.1,53.81724201085982
2025-10-28,10,0,1.3,36.37755408316816
2025-10-29,10,0,1.1,59.23259913557395
2025-10-30,10,0,0.0,35.39845188741329
2025-10-31,10,1,0.0,52.89444143673829
2025-11-01,11,1,0.3,78.26274222633313
2025-11-02,11,0,0.2,55.59824165246685
2025-11-03,11,0,1.0,49.93052021285646
2025-11-04,11,0,55.4,37.09776670342593
2025-11-05,11,0,19.0,45.667639110247244
2025-11-06,11,0,1.5,60.97824616304425
2025-11-07,11,1,0.1,75.7630865957677
2025-11-08,11,1,0.0,74.80097553729384
2025-11-09,11,0,0.0,67.2300252014593
2025-11-10,11,0,0.0,42.91742404669215
2025-11-11,11,0,0.0,47.714219744886684
2025-11-12,11,0,0.0,55.77422344953201
2025-11-13,11,0,0.0,70.1594257507088
2025-11-14,11,1,0.0,76.62934724327474
2025-11-15,11,1,0.0,83.74536401546777
2025-11-16,11,0,0.0,58.24955811449282
2025-11-17,11,0,0.0,69.66632571643127
2025-11-18,11,0,0.0,43.73749283608371
2025-11-19,11,0,0.0,64.623668833505
2025-11-20,11,0,0.0,56.209909632316624
2025-11-21,11,1,0.0,88.32395774527467
2025-11-22,11,1,0.0,72.62646104509716
2025-11-23,11,0,0.0,58.21953762876554
2025-11-24,11,0,0.0,57.07743960178584
2025-11-25,11,0,0.0,48.978080758116285
2025-11-26,11,0,0.0,46.476282883477325
2025-11-27,11,0,0.0,52.776297743231716
2025-11-28,11,1,0.0,81.169380160955
2025-11-29,11,1,0.0,73.18778998125957
2025-11-30,11,0,0.0,55.02933793274964
2025-12-01,12,0,0.0,41.02782380964786
2025-12-02,12,0,0.0,54.66415071564643
2025-12-03,12,0,0.0,67.21227981962505
2025-12-04,12,0,0.0,64.34662293373074
2025-12-05,12,1,0.0,79.2177025667557
2025-12-06,12,1,0.0,82.19287452512746
2025-12-07,12,0,0.0,50.54565643965258
2025-12-08,12,0,0.0,72.6199481496226
2025-12-09,12,0,0.0,76.60986255862514
2025-12-10,12,0,0.0,59.483412676353765
2025-12-11,12,0,0.0,81.31617252455344
2025-12-12,12,1,0.0,73.87835865618192
2025-12-13,12,1,0.0,68.74028683937942
2025-12-14,12,0,0.0,51.613386213152936
2025-12-15,12,0,0.0,56.024587614325085
2025-12-16,12,0,0.0,78.80859896082667
2025-12-17,12,0,0.0,55.46956785334636
2025-12-18,12,0,0.0,50.26309768476381
2025-12-19,12,1,0.0,71.91387026380306
2025-12-20,12,1,0.0,90.26019900838952
2025-12-21,12,0,0.0,66.97571573478132
2025-12-22,12,0,0.0,53.630696322817506
2025-12-23,12,0,0.0,41.1179429553056
2025-12-24,12,0,0.0,47.842658097616436
2025-12-25,12,0,0.0,73.49119453749589
2025-12-26,12,1,0.0,86.19927096094523
2025-12-27,12,1,0.0,80.58915238002474
2025-12-28,12,0,0.0,74.81949855835953
2025-12-29,12,0,0.0,75.62493645530364
2025-12-30,12,0,0.0,57.676543582348316
2025-12-31,12,0,0.0,57.841854155214996
