slug,stars,distance_center_km,month,season,room_type,baseline_daily_cost,price_bdt
bandarban,4,3.5,8,winter,deluxe,3000,15676
bandarban,4,10.4,1,winter,standard,3000,11323
bandarban,3,7.6,6,monsoon,suite,3000,13702
bandarban,3,11.2,8,autumn,suite,3000,19887
bandarban,4,10.9,7,autumn,deluxe,3000,16459
bandarban,5,10.2,8,winter,standard,3000,13831
bandarban,5,4.0,11,winter,suite,3000,20658
bandarban,4,9.3,8,monsoon,standard,3000,8357
bandarban,3,5.7,11,autumn,standard,3000,11223
bandarban,3,7.9,11,autumn,deluxe,3000,14267
bandarban,3,4.3,8,autumn,suite,3000,17035
bandarban,5,10.8,7,autumn,deluxe,3000,15099
bandarban,4,8.8,5,summer,deluxe,3000,14363
bandarban,2,4.9,11,monsoon,suite,3000,12024
bandarban,4,2.9,5,summer,standard,3000,8365
bandarban,5,5.5,8,monsoon,suite,3000,12447
bandarban,2,9.2,2,winter,deluxe,3000,14068
bandarban,5,1.9,5,monsoon,standard,3000,7305
bandarban,3,3.1,3,monsoon,standard,3000,6711
bandarban,3,8.4,3,autumn,suite,3000,18106
bandarban,2,8.6,8,winter,deluxe,3000,12439
bandarban,5,1.4,3,winter,suite,3000,20918
bandarban,3,8.7,7,summer,standard,3000,10357
bandarban,4,7.3,3,autumn,suite,3000,23420
bandarban,4,9.7,2,summer,deluxe,3000,12641
bandarban,3,9.2,9,summer,suite,3000,17678
bandarban,4,4.2,11,monsoon,standard,3000,6245
bandarban,5,5.8,10,winter,standard,3000,13299
bandarban,4,5.4,11,autumn,deluxe,3000,15180
bandarban,5,4.1,5,autumn,deluxe,3000,15911
bandarban,4,2.8,6,winter,standard,3000,9629
bandarban,4,10.9,4,autumn,suite,3000,23489
bandarban,4,2.7,2,autumn,deluxe,3000,12919
bandarban,3,2.1,7,winter,suite,3000,17831
bandarban,5,10.7,8,monsoon,standard,3000,10085
bandarban,3,4.5,3,summer,suite,3000,15460
bandarban,4,2.4,9,autumn,deluxe,3000,14432
bandarban,5,7.5,6,summer,suite,3000,17328
bandarban,4,5.8,5,winter,standard,3000,11054
bandarban,2,0.9,10,monsoon,suite,3000,11186
bandarban,2,0.6,8,summer,standard,3000,7271
bandarban,2,1.0,9,autumn,suite,3000,13946
bandarban,5,3.8,10,monsoon,suite,3000,14080
bandarban,3,9.2,10,autumn,suite,3000,19809
bandarban,4,9.0,10,winter,deluxe,3000,15743
bandarban,2,3.3,3,winter,suite,3000,16908
bandarban,3,5.7,10,winter,deluxe,3000,12290
bandarban,3,5.9,8,autumn,standard,3000,10586
bandarban,3,6.3,9,monsoon,standard,3000,6610
bandarban,5,9.8,11,monsoon,deluxe,3000,13020
bandarban,3,2.7,1,summer,suite,3000,13515
bandarban,4,4.4,4,monsoon,standard,3000,7382
bandarban,2,1.0,10,monsoon,deluxe,3000,7757
bandarban,4,7.7,1,winter,deluxe,3000,17326
bandarban,4,2.9,4,monsoon,deluxe,3000,9432
bandarban,2,9.6,10,winter,suite,3000,18139
bandarban,4,3.7,11,summer,suite,3000,17535
bandarban,2,2.1,6,monsoon,deluxe,3000,7451
bandarban,2,2.8,4,summer,deluxe,3000,9750
bandarban,3,5.8,7,winter,standard,3000,8154
bandarban,3,3.5,5,summer,standard,3000,7705
bandarban,2,3.2,5,summer,standard,3000,8247
bandarban,2,5.4,2,monsoon,standard,3000,7515
bandarban,5,1.7,6,summer,standard,3000,9673
bandarban,5,9.5,5,winter,standard,3000,13804
bandarban,5,7.4,11,autumn,deluxe,3000,15931
bandarban,5,9.0,6,winter,suite,3000,23026
bandarban,3,10.0,4,summer,standard,3000,9063
bandarban,5,4.9,5,autumn,deluxe,3000,12903
bandarban,4,8.4,1,summer,standard,3000,10456
bandarban,2,9.2,1,winter,suite,3000,16719
bandarban,4,2.1,9,monsoon,deluxe,3000,9061
bandarban,5,4.6,5,winter,standard,3000,14183
bandarban,4,9.7,9,monsoon,standard,3000,8779
bandarban,5,4.0,7,monsoon,deluxe,3000,10705
bandarban,5,5.2,11,winter,suite,3000,22999
bandarban,5,1.8,3,summer,standard,3000,10538
bandarban,4,3.5,11,autumn,suite,3000,17274
bandarban,3,11.7,1,monsoon,deluxe,3000,9970
bandarban,3,11.7,4,summer,deluxe,3000,15235
bandarban,5,3.0,7,summer,deluxe,3000,11224
bandarban,5,2.7,11,winter,suite,3000,22264
bandarban,3,7.3,7,winter,deluxe,3000,14824
bandarban,2,9.4,4,winter,deluxe,3000,14172
bandarban,3,8.3,1,summer,suite,3000,18999
bandarban,5,6.0,4,monsoon,deluxe,3000,11253
bandarban,4,10.9,4,winter,standard,3000,12053
bandarban,3,5.8,9,winter,suite,3000,17463
bandarban,3,1.0,2,winter,suite,3000,15887
bandarban,3,10.0,8,autumn,deluxe,3000,15666
bandarban,2,3.3,7,winter,deluxe,3000,13221
bandarban,5,4.1,11,summer,deluxe,3000,11995
bandarban,5,8.7,7,monsoon,deluxe,3000,12029
bandarban,3,9.0,5,winter,suite,3000,18590
bandarban,3,10.1,8,autumn,standard,3000,11591
bandarban,4,4.7,12,monsoon,deluxe,3000,9204
bandarban,5,11.9,7,winter,suite,3000,24945
bandarban,2,10.0,3,summer,deluxe,3000,12628
bandarban,2,11.1,8,summer,deluxe,3000,11110
bandarban,3,6.6,9,summer,suite,3000,17248
bandarban,5,7.1,4,winter,standard,3000,14175
bandarban,5,0.6,8,autumn,suite,3000,17948
bandarban,2,4.7,4,summer,suite,3000,14042
bandarban,3,3.6,2,autumn,suite,3000,18031
bandarban,4,6.2,5,winter,standard,3000,11571
bandarban,5,2.5,9,monsoon,standard,3000,7226
bandarban,5,5.3,7,monsoon,suite,3000,14325
bandarban,2,7.3,12,autumn,standard,3000,8994
bandarban,5,7.8,9,summer,deluxe,3000,13803
bandarban,5,2.1,6,autumn,standard,3000,10458
bandarban,5,2.3,4,summer,suite,3000,19527
bandarban,4,2.1,10,summer,deluxe,3000,13151
bandarban,5,0.9,9,monsoon,deluxe,3000,9341
bandarban,3,4.6,1,monsoon,suite,3000,13184
bandarban,4,1.2,3,summer,suite,3000,16020
bandarban,5,4.0,4,monsoon,deluxe,3000,10569
bandarban,3,4.0,6,autumn,standard,3000,8460
bandarban,4,2.8,11,winter,deluxe,3000,12210
bandarban,2,2.7,1,autumn,deluxe,3000,11057
bandarban,2,4.4,12,autumn,suite,3000,14826
bandarban,3,11.6,5,autumn,deluxe,3000,14294
bandarban,2,0.6,12,autumn,standard,3000,6686
bandarban,5,10.4,8,autumn,standard,3000,12783
bandarban,3,3.8,4,monsoon,standard,3000,7288
bandarban,4,10.3,4,winter,suite,3000,22788
chattogram,4,8.1,12,autumn,standard,2500,9050
chattogram,2,7.2,5,winter,deluxe,2500,11860
chattogram,3,1.2,8,summer,standard,2500,7210
chattogram,4,2.7,9,monsoon,suite,2500,10997
chattogram,3,11.1,5,monsoon,standard,2500,6018
chattogram,2,3.7,10,autumn,deluxe,2500,10918
chattogram,2,6.3,12,winter,suite,2500,15130
chattogram,4,6.8,10,winter,standard,2500,9331
chattogram,3,9.3,2,summer,standard,2500,8294
chattogram,5,10.3,1,winter,suite,2500,24443
chattogram,4,5.4,10,summer,suite,2500,17550
chattogram,3,11.1,12,winter,deluxe,2500,15236
chattogram,2,5.8,3,autumn,suite,2500,13085
chattogram,5,6.0,4,summer,deluxe,2500,12837
chattogram,4,1.8,8,winter,suite,2500,18327
chattogram,2,3.8,3,winter,standard,2500,7463
chattogram,3,6.9,3,summer,standard,2500,7886
chattogram,3,6.1,12,winter,deluxe,2500,12589
chattogram,3,5.2,10,summer,deluxe,2500,9653
chattogram,5,4.3,10,winter,suite,2500,20380
chattogram,5,4.8,10,autumn,standard,2500,9691
chattogram,3,0.8,10,winter,standard,2500,8481
chattogram,5,6.8,5,summer,suite,2500,20475
chattogram,4,9.7,4,monsoon,standard,2500,6742
chattogram,4,1.6,10,monsoon,suite,2500,11211
chattogram,2,2.3,1,winter,suite,2500,14469
chattogram,2,10.0,12,autumn,suite,2500,12873
chattogram,5,1.6,9,winter,standard,2500,8534
chattogram,2,9.6,8,autumn,standard,2500,8839
chattogram,2,4.2,10,winter,deluxe,2500,10224
chattogram,5,11.9,8,autumn,deluxe,2500,16819
chattogram,4,0.9,6,autumn,suite,2500,13776
chattogram,5,10.5,2,winter,standard,2500,12490
chattogram,3,2.6,11,summer,deluxe,2500,9391
chattogram,3,0.6,1,monsoon,standard,2500,4939
chattogram,5,9.5,12,summer,deluxe,2500,11674
chattogram,3,11.6,2,winter,deluxe,2500,13910
chattogram,2,9.3,7,winter,deluxe,2500,10625
chattogram,4,6.8,7,monsoon,suite,2500,14190
chattogram,4,2.6,6,winter,suite,2500,16354
chattogram,4,11.5,4,monsoon,deluxe,2500,11494
chattogram,3,9.8,12,winter,standard,2500,8195
chattogram,4,9.3,1,autumn,standard,2500,9693
chattogram,5,7.5,6,monsoon,standard,2500,7598
chattogram,5,7.3,7,autumn,standard,2500,11062
chattogram,2,1.6,5,monsoon,suite,2500,9741
chattogram,5,6.3,10,winter,deluxe,2500,12239
chattogram,5,2.0,3,winter,deluxe,2500,12478
chattogram,2,0.9,12,summer,suite,2500,10231
chattogram,2,6.0,4,winter,suite,2500,15007
chattogram,3,5.7,4,summer,suite,2500,12312
chattogram,5,8.6,11,winter,suite,2500,21767
chattogram,2,1.9,1,summer,standard,2500,5932
chattogram,3,11.1,11,summer,standard,2500,8452
chattogram,2,4.1,2,winter,deluxe,2500,11782
chattogram,5,11.1,9,monsoon,suite,2500,15691
chattogram,5,7.4,2,monsoon,deluxe,2500,10410
chattogram,3,1.3,11,autumn,deluxe,2500,9771
chattogram,5,7.3,6,summer,standard,2500,9418
chattogram,5,11.9,11,winter,standard,2500,11469
chattogram,4,10.5,9,autumn,deluxe,2500,12513
chattogram,5,1.5,9,summer,deluxe,2500,10909
chattogram,2,2.1,3,winter,suite,2500,11733
chattogram,3,9.3,1,summer,suite,2500,16155
chattogram,2,3.7,8,winter,suite,2500,15275
chattogram,5,10.9,10,monsoon,standard,2500,9182
chattogram,4,11.5,3,monsoon,deluxe,2500,9679
chattogram,5,8.8,10,autumn,standard,2500,10064
chattogram,5,9.1,1,summer,standard,2500,10264
chattogram,2,2.6,11,monsoon,deluxe,2500,7120
chattogram,2,8.1,7,summer,standard,2500,7371
chattogram,4,1.2,10,monsoon,deluxe,2500,8438
chattogram,4,3.0,1,winter,standard,2500,12230
chattogram,3,5.1,2,winter,deluxe,2500,11229
chattogram,5,2.2,10,summer,suite,2500,17266
chattogram,3,3.1,7,autumn,deluxe,2500,10141
chattogram,2,7.1,11,summer,deluxe,2500,9124
chattogram,2,8.1,1,autumn,standard,2500,7206
chattogram,4,5.2,12,monsoon,standard,2500,7111
chattogram,3,7.5,12,summer,suite,2500,15219
chattogram,3,8.3,2,autumn,standard,2500,8590
chattogram,3,1.6,11,monsoon,suite,2500,10133
chattogram,2,10.0,10,autumn,deluxe,2500,11115
chattogram,5,8.1,7,monsoon,standard,2500,7615
chattogram,3,9.3,5,monsoon,deluxe,2500,8744
chattogram,5,9.3,10,summer,standard,2500,7707
chattogram,5,1.9,12,winter,suite,2500,18895
chattogram,2,0.8,6,monsoon,deluxe,2500,5583
chattogram,2,5.7,7,monsoon,deluxe,2500,6851
chattogram,4,4.9,8,autumn,suite,2500,16418
chattogram,2,11.0,8,winter,standard,2500,9169
chattogram,2,8.8,5,winter,standard,2500,8168
chattogram,4,7.1,6,summer,deluxe,2500,11318
chattogram,5,1.9,6,winter,standard,2500,10367
chattogram,5,1.4,12,winter,deluxe,2500,11665
chattogram,5,7.4,2,autumn,suite,2500,19642
chattogram,5,5.5,12,winter,standard,2500,10591
chattogram,4,7.5,12,winter,deluxe,2500,13770
chattogram,2,6.3,2,autumn,deluxe,2500,10805
chattogram,4,2.7,7,autumn,standard,2500,7487
chattogram,5,0.8,4,summer,suite,2500,16590
chattogram,5,7.3,3,summer,standard,2500,10435
chattogram,3,11.1,1,summer,standard,2500,9575
chattogram,3,3.4,7,monsoon,suite,2500,10916
chattogram,4,11.4,8,autumn,standard,2500,9937
chattogram,5,1.9,10,winter,standard,2500,10599
chattogram,3,4.9,9,summer,deluxe,2500,10354
chattogram,4,10.3,12,summer,deluxe,2500,13147
chattogram,2,5.1,8,winter,deluxe,2500,9412
chattogram,3,4.9,5,autumn,suite,2500,13914
chattogram,2,10.5,7,winter,deluxe,2500,12859
chattogram,2,2.4,6,winter,deluxe,2500,11354
chattogram,2,1.8,2,summer,standard,2500,6103
chattogram,2,7.2,11,summer,suite,2500,12901
chattogram,5,6.8,10,summer,suite,2500,17546
chattogram,4,6.3,9,summer,deluxe,2500,12501
chattogram,3,3.8,5,autumn,suite,2500,15617
chattogram,5,5.5,2,winter,suite,2500,19090
chattogram,3,0.8,8,summer,suite,2500,12536
chattogram,2,9.9,3,summer,deluxe,2500,9657
chattogram,3,10.8,10,winter,deluxe,2500,13665
chattogram,5,4.4,3,summer,standard,2500,8491
chattogram,5,0.7,7,summer,standard,2500,8571
chattogram,5,4.4,6,monsoon,standard,2500,6471
chattogram,4,0.7,3,monsoon,standard,2500,6607
coxs-bazar,2,3.4,9,winter,standard,2000,6715
coxs-bazar,2,9.8,9,monsoon,deluxe,2000,6723
coxs-bazar,3,3.2,6,autumn,suite,2000,10371
coxs-bazar,2,8.3,3,winter,standard,2000,7092
coxs-bazar,2,10.0,10,monsoon,deluxe,2000,6899
coxs-bazar,3,10.9,10,summer,standard,2000,7665
coxs-bazar,5,9.1,1,winter,suite,2000,19474
coxs-bazar,3,10.1,2,monsoon,suite,2000,10816
coxs-bazar,4,1.0,8,autumn,deluxe,2000,9308
coxs-bazar,3,3.2,11,monsoon,deluxe,2000,7645
coxs-bazar,5,4.2,6,winter,standard,2000,10006
coxs-bazar,4,4.1,4,autumn,suite,2000,13829
coxs-bazar,5,5.1,4,winter,deluxe,2000,12214
coxs-bazar,5,7.1,7,autumn,deluxe,2000,11205
coxs-bazar,3,4.2,2,winter,standard,2000,7481
coxs-bazar,4,5.9,10,summer,standard,2000,6378
coxs-bazar,4,0.9,11,winter,suite,2000,14570
coxs-bazar,4,4.4,3,winter,suite,2000,15790
coxs-bazar,4,4.0,3,summer,standard,2000,7352
coxs-bazar,2,4.8,11,summer,suite,2000,11001
coxs-bazar,5,8.9,5,winter,suite,2000,18896
coxs-bazar,3,2.2,7,winter,standard,2000,6645
coxs-bazar,4,1.3,7,monsoon,standard,2000,5212
coxs-bazar,4,9.1,11,autumn,standard,2000,8528
coxs-bazar,3,10.7,5,autumn,suite,2000,14774
coxs-bazar,4,11.5,9,winter,suite,2000,16646
coxs-bazar,3,4.9,3,summer,standard,2000,7431
coxs-bazar,5,2.0,5,summer,deluxe,2000,9829
coxs-bazar,3,5.2,12,autumn,deluxe,2000,8571
coxs-bazar,3,7.5,6,winter,standard,2000,8240
coxs-bazar,5,4.4,2,autumn,suite,2000,13274
coxs-bazar,3,1.2,9,monsoon,deluxe,2000,6614
coxs-bazar,3,2.8,4,monsoon,suite,2000,9070
coxs-bazar,2,9.8,11,monsoon,standard,2000,4834
coxs-bazar,5,5.4,12,monsoon,deluxe,2000,7910
coxs-bazar,2,11.3,7,autumn,standard,2000,7800
coxs-bazar,4,1.7,10,monsoon,deluxe,2000,6611
coxs-bazar,5,7.0,11,monsoon,suite,2000,10912
coxs-bazar,5,3.3,3,autumn,deluxe,2000,11455
coxs-bazar,3,9.3,6,winter,standard,2000,8712
coxs-bazar,4,4.2,12,summer,standard,2000,7059
coxs-bazar,2,0.5,12,summer,standard,2000,5053
coxs-bazar,2,2.0,4,summer,deluxe,2000,7095
coxs-bazar,4,9.8,8,autumn,deluxe,2000,11938
coxs-bazar,3,2.8,9,winter,deluxe,2000,9641
coxs-bazar,4,2.1,9,summer,deluxe,2000,11173
coxs-bazar,4,3.3,3,autumn,deluxe,2000,9456
coxs-bazar,4,4.9,2,winter,suite,2000,16574
coxs-bazar,2,10.6,4,summer,suite,2000,11187
coxs-bazar,4,6.3,3,monsoon,deluxe,2000,8176
coxs-bazar,3,9.1,11,winter,deluxe,2000,10675
coxs-bazar,3,1.4,11,monsoon,deluxe,2000,5718
coxs-bazar,4,5.1,8,autumn,suite,2000,13420
coxs-bazar,5,10.7,7,autumn,suite,2000,18154
coxs-bazar,3,7.7,4,monsoon,deluxe,2000,7640
coxs-bazar,2,2.8,2,autumn,suite,2000,10663
coxs-bazar,3,7.8,7,winter,standard,2000,7857
coxs-bazar,5,5.3,6,autumn,deluxe,2000,10882
coxs-bazar,3,0.9,12,autumn,standard,2000,6488
coxs-bazar,4,6.7,4,monsoon,deluxe,2000,7886
coxs-bazar,4,6.8,4,autumn,suite,2000,15182
coxs-bazar,5,9.4,7,monsoon,suite,2000,13342
coxs-bazar,5,6.5,12,monsoon,deluxe,2000,7615
coxs-bazar,3,11.6,11,autumn,deluxe,2000,10755
coxs-bazar,3,9.6,6,autumn,suite,2000,14987
coxs-bazar,5,8.3,5,summer,suite,2000,15207
coxs-bazar,5,7.5,6,winter,deluxe,2000,14492
coxs-bazar,3,1.5,10,summer,suite,2000,11702
coxs-bazar,3,8.3,12,autumn,standard,2000,7614
coxs-bazar,5,8.9,9,monsoon,deluxe,2000,10234
coxs-bazar,3,0.8,5,monsoon,suite,2000,9672
coxs-bazar,3,4.1,1,summer,deluxe,2000,8628
coxs-bazar,5,6.8,2,summer,suite,2000,13790
coxs-bazar,4,2.2,4,monsoon,standard,2000,5839
coxs-bazar,4,4.4,6,winter,standard,2000,8046
coxs-bazar,5,5.8,6,winter,suite,2000,18939
coxs-bazar,2,9.4,12,autumn,standard,2000,6774
coxs-bazar,4,4.6,11,autumn,deluxe,2000,9235
coxs-bazar,5,2.2,1,monsoon,suite,2000,11566
coxs-bazar,4,4.7,7,summer,standard,2000,6632
coxs-bazar,2,1.8,12,winter,suite,2000,11341
coxs-bazar,2,3.8,6,summer,standard,2000,5889
coxs-bazar,2,11.9,5,autumn,deluxe,2000,11157
coxs-bazar,2,11.8,6,summer,standard,2000,6165
coxs-bazar,2,10.7,1,autumn,deluxe,2000,8878
coxs-bazar,4,7.5,8,monsoon,deluxe,2000,9034
coxs-bazar,3,4.1,10,autumn,deluxe,2000,9558
coxs-bazar,2,2.4,2,summer,suite,2000,9455
coxs-bazar,4,9.4,9,autumn,suite,2000,17006
coxs-bazar,5,10.2,1,winter,standard,2000,10577
coxs-bazar,2,11.5,7,monsoon,standard,2000,5852
coxs-bazar,5,3.3,3,monsoon,suite,2000,11248
coxs-bazar,3,11.4,11,monsoon,suite,2000,10895
coxs-bazar,5,2.1,3,winter,deluxe,2000,10659
coxs-bazar,5,10.3,11,autumn,standard,2000,9322
coxs-bazar,3,6.6,12,monsoon,deluxe,2000,6749
coxs-bazar,5,0.7,4,monsoon,deluxe,2000,7323
coxs-bazar,4,10.4,2,autumn,standard,2000,8901
coxs-bazar,4,11.5,10,summer,standard,2000,8582
coxs-bazar,5,11.7,6,autumn,deluxe,2000,12629
coxs-bazar,4,6.1,4,winter,suite,2000,15944
coxs-bazar,5,10.3,8,monsoon,standard,2000,6471
coxs-bazar,3,4.4,10,monsoon,standard,2000,4675
coxs-bazar,5,9.1,11,monsoon,standard,2000,7405
coxs-bazar,3,1.3,10,autumn,suite,2000,11609
coxs-bazar,4,11.6,3,autumn,suite,2000,15689
coxs-bazar,5,6.1,2,winter,suite,2000,17006
coxs-bazar,5,10.9,1,winter,suite,2000,16768
coxs-bazar,4,9.6,9,summer,standard,2000,7773
coxs-bazar,4,8.4,1,winter,suite,2000,15590
coxs-bazar,4,10.8,2,summer,standard,2000,8773
coxs-bazar,2,4.9,4,autumn,deluxe,2000,8582
coxs-bazar,2,10.7,5,winter,standard,2000,7737
coxs-bazar,4,7.6,5,autumn,suite,2000,16094
coxs-bazar,5,9.2,1,autumn,suite,2000,17939
coxs-bazar,4,4.8,1,monsoon,suite,2000,10858
coxs-bazar,2,11.3,11,summer,suite,2000,11637
coxs-bazar,3,6.7,8,winter,suite,2000,14143
coxs-bazar,3,5.3,6,winter,standard,2000,7883
coxs-bazar,2,9.4,3,autumn,suite,2000,12469
coxs-bazar,2,9.0,1,summer,suite,2000,12041
coxs-bazar,3,5.0,6,summer,suite,2000,13599
coxs-bazar,3,4.6,3,autumn,deluxe,2000,10017
coxs-bazar,4,10.9,12,summer,standard,2000,9229
coxs-bazar,2,6.9,3,winter,suite,2000,13619
dhaka,2,6.1,12,autumn,suite,3000,15278
dhaka,5,5.3,7,monsoon,deluxe,3000,12463
dhaka,3,6.7,8,autumn,standard,3000,10659
dhaka,2,0.7,10,autumn,suite,3000,13250
dhaka,5,6.6,9,monsoon,standard,3000,9513
dhaka,4,7.8,2,monsoon,standard,3000,6893
dhaka,5,10.4,12,autumn,deluxe,3000,16652
dhaka,4,11.9,2,autumn,deluxe,3000,14641
dhaka,3,6.3,11,winter,deluxe,3000,15580
dhaka,5,1.8,12,summer,suite,3000,16158
dhaka,3,4.5,7,winter,suite,3000,17795
dhaka,5,6.4,11,autumn,deluxe,3000,15052
dhaka,2,5.7,9,monsoon,deluxe,3000,9528
dhaka,3,10.7,10,summer,suite,3000,19231
dhaka,5,11.7,11,summer,suite,3000,21387
dhaka,3,3.1,7,autumn,standard,3000,10163
dhaka,2,4.1,11,autumn,standard,3000,8534
dhaka,2,11.7,1,summer,standard,3000,9155
dhaka,2,1.5,12,winter,suite,3000,17539
dhaka,4,0.7,10,summer,suite,3000,15090
dhaka,5,8.2,11,summer,deluxe,3000,12987
dhaka,4,11.4,10,summer,suite,3000,17286
dhaka,3,5.2,10,autumn,standard,3000,10384
dhaka,2,0.5,6,winter,deluxe,3000,11717
dhaka,5,11.8,12,winter,suite,3000,24984
dhaka,2,6.2,8,autumn,suite,3000,20170
dhaka,3,2.5,6,winter,deluxe,3000,12404
dhaka,5,4.0,4,summer,suite,3000,16875
dhaka,4,3.2,8,monsoon,deluxe,3000,8865
dhaka,4,7.8,9,autumn,suite,3000,17388
dhaka,5,1.3,6,monsoon,suite,3000,14104
dhaka,3,9.7,1,winter,deluxe,3000,16335
dhaka,2,10.5,5,autumn,deluxe,3000,15220
dhaka,5,2.1,7,winter,deluxe,3000,14249
dhaka,4,10.8,9,summer,standard,3000,11783
dhaka,3,2.3,3,winter,suite,3000,16457
dhaka,4,7.2,12,monsoon,suite,3000,13595
dhaka,2,1.1,7,monsoon,deluxe,3000,7410
dhaka,3,4.7,9,autumn,deluxe,3000,12588
dhaka,3,10.0,5,monsoon,suite,3000,13506
dhaka,3,7.8,2,autumn,deluxe,3000,13205
dhaka,2,7.3,5,autumn,deluxe,3000,11235
dhaka,4,11.4,2,autumn,suite,3000,19982
dhaka,3,9.3,5,winter,deluxe,3000,14338
dhaka,3,11.7,7,monsoon,deluxe,3000,10687
dhaka,5,11.7,2,summer,deluxe,3000,14604
dhaka,2,7.7,3,monsoon,suite,3000,11765
dhaka,2,8.8,4,monsoon,deluxe,3000,9349
dhaka,3,10.6,9,summer,deluxe,3000,12659
dhaka,3,3.2,3,autumn,deluxe,3000,11991
dhaka,5,8.1,5,monsoon,suite,3000,15581
dhaka,4,2.4,12,monsoon,standard,3000,6129
dhaka,5,7.9,5,monsoon,standard,3000,8511
dhaka,5,0.8,8,monsoon,deluxe,3000,10317
dhaka,5,10.1,4,summer,standard,3000,11985
dhaka,4,10.0,12,autumn,standard,3000,11453
dhaka,5,7.8,12,winter,standard,3000,12031
dhaka,4,6.4,12,autumn,deluxe,3000,14831
dhaka,5,6.0,8,winter,deluxe,3000,16086
dhaka,4,5.2,10,winter,suite,3000,18786
dhaka,3,2.4,6,autumn,suite,3000,15999
dhaka,5,6.5,7,autumn,deluxe,3000,13985
dhaka,3,10.0,7,summer,deluxe,3000,11633
dhaka,3,5.4,1,monsoon,deluxe,3000,9351
dhaka,4,4.3,2,winter,standard,3000,10020
dhaka,4,7.8,1,summer,standard,3000,10379
dhaka,4,7.4,1,autumn,standard,3000,10191
dhaka,2,7.9,10,summer,standard,3000,8218
dhaka,5,6.9,12,autumn,standard,3000,10600
dhaka,4,1.4,1,autumn,standard,3000,9984
dhaka,4,1.9,5,winter,standard,3000,10699
dhaka,3,9.5,3,summer,suite,3000,18065
dhaka,2,5.4,7,monsoon,suite,3000,13161
dhaka,3,2.1,10,autumn,standard,3000,8582
dhaka,4,8.5,2,summer,suite,3000,17613
dhaka,3,9.1,10,autumn,deluxe,3000,13414
dhaka,4,9.3,11,monsoon,suite,3000,15842
dhaka,5,2.9,12,autumn,deluxe,3000,13940
dhaka,3,5.1,6,autumn,deluxe,3000,11901
dhaka,3,1.6,7,summer,standard,3000,9005
dhaka,4,11.6,3,winter,deluxe,3000,17710
dhaka,2,6.8,7,autumn,deluxe,3000,12830
dhaka,4,8.9,9,autumn,suite,3000,23817
dhaka,5,3.1,4,winter,suite,3000,22704
dhaka,3,12.0,10,autumn,standard,3000,11603
dhaka,4,7.7,6,winter,suite,3000,21577
dhaka,3,3.4,10,summer,suite,3000,16370
dhaka,2,1.5,2,winter,suite,3000,15004
dhaka,4,11.1,12,monsoon,standard,3000,8203
dhaka,4,7.2,7,summer,suite,3000,17621
dhaka,2,3.6,1,winter,deluxe,3000,10430
dhaka,3,0.7,4,monsoon,deluxe,3000,8028
dhaka,5,8.7,2,monsoon,suite,3000,17427
dhaka,3,2.9,10,monsoon,suite,3000,13502
dhaka,5,4.2,2,monsoon,deluxe,3000,9848
dhaka,3,8.1,9,summer,standard,3000,9827
dhaka,3,10.1,4,winter,suite,3000,21853
dhaka,3,10.8,2,autumn,suite,3000,22415
dhaka,4,1.6,1,winter,standard,3000,9765
dhaka,5,10.7,11,summer,deluxe,3000,14260
dhaka,2,8.0,9,winter,deluxe,3000,13780
dhaka,2,3.2,7,monsoon,deluxe,3000,7781
dhaka,5,7.6,1,monsoon,standard,3000,8454
dhaka,2,4.1,3,autumn,suite,3000,15354
dhaka,3,6.4,3,autumn,suite,3000,18664
dhaka,5,3.5,5,summer,suite,3000,18197
dhaka,3,7.0,3,autumn,suite,3000,17694
dhaka,3,9.6,9,autumn,deluxe,3000,13994
dhaka,4,9.6,6,monsoon,suite,3000,16621
dhaka,4,7.9,10,monsoon,suite,3000,14234
dhaka,3,4.6,12,winter,suite,3000,18551
dhaka,3,8.9,7,summer,deluxe,3000,13104
dhaka,3,10.3,10,summer,deluxe,3000,13563
dhaka,3,2.4,8,summer,suite,3000,15295
dhaka,3,3.7,11,autumn,suite,3000,17880
dhaka,2,6.7,1,summer,suite,3000,14697
dhaka,3,8.6,1,winter,deluxe,3000,14546
dhaka,3,1.4,6,autumn,deluxe,3000,9981
dhaka,5,3.7,9,winter,deluxe,3000,16509
dhaka,3,9.1,12,autumn,standard,3000,9120
dhaka,4,2.8,2,summer,standard,3000,8040
dhaka,4,3.0,4,summer,deluxe,3000,10902
dhaka,2,11.9,10,monsoon,deluxe,3000,9685
dhaka,5,2.0,5,autumn,deluxe,3000,14836
dhaka,4,11.9,1,summer,deluxe,3000,13920
kuakata,2,0.9,12,autumn,suite,1800,9090
kuakata,2,1.4,6,summer,deluxe,1800,5734
kuakata,4,7.8,2,autumn,standard,1800,7710
kuakata,2,5.1,9,summer,deluxe,1800,6721
kuakata,2,2.6,3,autumn,deluxe,1800,6269
kuakata,2,6.0,2,summer,deluxe,1800,6963
kuakata,5,9.4,9,winter,standard,1800,9059
kuakata,2,6.5,3,winter,suite,1800,11043
kuakata,5,5.0,5,summer,deluxe,1800,10072
kuakata,3,8.2,10,winter,suite,1800,13013
kuakata,4,9.0,5,summer,suite,1800,12045
kuakata,4,6.9,9,summer,standard,1800,7790
kuakata,3,2.0,12,monsoon,suite,1800,9547
kuakata,4,1.7,2,autumn,deluxe,1800,8941
kuakata,5,9.3,6,autumn,standard,1800,8383
kuakata,4,10.4,4,autumn,deluxe,1800,10639
kuakata,5,7.0,3,monsoon,suite,1800,11170
kuakata,5,1.1,7,monsoon,deluxe,1800,7668
kuakata,5,4.4,6,autumn,suite,1800,15314
kuakata,2,5.2,2,summer,standard,1800,4914
kuakata,3,3.8,3,autumn,standard,1800,6175
kuakata,4,6.9,9,summer,standard,1800,6584
kuakata,2,0.6,1,winter,suite,1800,10521
kuakata,2,11.6,5,autumn,deluxe,1800,9171
kuakata,2,7.2,5,winter,standard,1800,7246
kuakata,5,8.0,4,autumn,standard,1800,8721
kuakata,3,10.3,11,autumn,deluxe,1800,9596
kuakata,3,10.6,3,summer,standard,1800,6143
kuakata,3,5.9,6,winter,suite,1800,14634
kuakata,4,7.8,2,monsoon,deluxe,1800,7811
kuakata,3,11.9,9,winter,standard,1800,8561
kuakata,2,3.1,8,winter,suite,1800,9564
kuakata,2,7.2,6,summer,deluxe,1800,7002
kuakata,5,1.8,1,monsoon,standard,1800,5742
kuakata,5,6.9,8,autumn,standard,1800,8356
kuakata,5,11.4,7,winter,suite,1800,18406
kuakata,2,3.3,6,winter,suite,1800,11591
kuakata,4,1.0,3,monsoon,standard,1800,4694
kuakata,3,4.0,1,summer,suite,1800,11514
kuakata,3,8.5,4,winter,suite,1800,14083
kuakata,4,10.4,10,winter,suite,1800,19198
kuakata,5,3.1,3,winter,standard,1800,7992
kuakata,5,9.6,12,autumn,standard,1800,9736
kuakata,5,8.6,7,monsoon,standard,1800,6550
kuakata,3,9.0,12,winter,standard,1800,8041
kuakata,2,6.0,10,monsoon,standard,1800,4088
kuakata,2,6.3,10,autumn,suite,1800,10282
kuakata,2,1.8,8,monsoon,standard,1800,4057
kuakata,5,11.9,12,winter,standard,1800,9920
kuakata,3,5.2,8,summer,suite,1800,10742
kuakata,5,6.0,9,monsoon,deluxe,1800,7874
kuakata,3,2.0,4,summer,deluxe,1800,7737
kuakata,4,6.5,1,monsoon,suite,1800,9650
kuakata,4,3.3,1,autumn,deluxe,1800,7913
kuakata,5,2.0,11,autumn,suite,1800,12877
kuakata,2,7.8,6,autumn,standard,1800,5703
kuakata,5,2.5,9,autumn,standard,1800,6358
kuakata,3,3.2,6,monsoon,suite,1800,8725
kuakata,4,3.2,11,autumn,deluxe,1800,9977
kuakata,3,10.9,2,monsoon,deluxe,1800,6629
kuakata,4,6.2,4,monsoon,standard,1800,5044
kuakata,5,9.7,11,summer,suite,1800,15016
kuakata,5,1.3,12,monsoon,standard,1800,5458
kuakata,2,9.7,6,summer,deluxe,1800,8855
kuakata,3,10.0,11,winter,standard,1800,9014
kuakata,5,11.1,3,winter,suite,1800,18734
kuakata,2,3.0,10,winter,deluxe,1800,8818
kuakata,3,4.9,1,winter,suite,1800,12681
kuakata,3,5.7,12,winter,deluxe,1800,9455
kuakata,3,3.6,6,autumn,suite,1800,13118
kuakata,3,10.2,1,monsoon,deluxe,1800,6539
kuakata,2,11.0,4,summer,deluxe,1800,8221
kuakata,5,6.2,6,monsoon,deluxe,1800,8776
kuakata,5,2.1,4,monsoon,suite,1800,11346
kuakata,5,3.0,11,monsoon,deluxe,1800,7582
kuakata,3,11.8,5,monsoon,standard,1800,5799
kuakata,2,10.9,9,monsoon,deluxe,1800,6666
kuakata,2,1.9,2,monsoon,suite,1800,7365
kuakata,2,6.2,7,autumn,suite,1800,11888
kuakata,5,7.7,9,autumn,deluxe,1800,11654
kuakata,5,9.9,10,autumn,deluxe,1800,10397
kuakata,3,2.4,3,summer,deluxe,1800,7916
kuakata,3,6.8,3,winter,deluxe,1800,9953
kuakata,2,10.7,4,monsoon,suite,1800,8844
kuakata,4,3.3,12,autumn,standard,1800,6026
kuakata,5,2.9,1,winter,deluxe,1800,12592
kuakata,3,8.5,9,autumn,standard,1800,7533
kuakata,3,10.4,1,monsoon,deluxe,1800,8038
kuakata,3,1.4,5,autumn,suite,1800,10296
kuakata,3,1.4,6,summer,deluxe,1800,7235
kuakata,5,5.8,3,winter,suite,1800,17410
kuakata,4,10.8,4,winter,suite,1800,16219
kuakata,4,2.1,6,summer,standard,1800,6877
kuakata,3,6.8,9,autumn,suite,1800,13465
kuakata,4,7.1,2,autumn,standard,1800,8169
kuakata,4,4.6,1,winter,standard,1800,7596
kuakata,2,7.2,6,winter,standard,1800,5737
kuakata,3,1.3,2,monsoon,suite,1800,9549
kuakata,5,10.0,12,monsoon,suite,1800,11245
kuakata,3,8.4,6,monsoon,deluxe,1800,7840
kuakata,4,2.6,8,winter,suite,1800,13465
kuakata,3,3.9,2,summer,deluxe,1800,8785
kuakata,4,9.3,10,winter,suite,1800,17284
kuakata,3,2.0,2,monsoon,deluxe,1800,5076
kuakata,2,7.6,3,winter,standard,1800,6520
kuakata,5,2.7,7,autumn,deluxe,1800,10331
kuakata,3,10.8,5,winter,standard,1800,7818
kuakata,4,6.5,7,autumn,standard,1800,6109
kuakata,5,6.8,6,winter,deluxe,1800,12768
kuakata,4,2.3,11,monsoon,deluxe,1800,6355
kuakata,4,1.9,5,autumn,standard,1800,6448
kuakata,2,9.2,2,winter,deluxe,1800,8647
kuakata,4,8.6,9,monsoon,suite,1800,10836
kuakata,5,7.3,2,autumn,suite,1800,17160
kuakata,5,8.0,9,winter,deluxe,1800,12911
kuakata,3,3.8,10,winter,suite,1800,13565
kuakata,2,10.4,4,summer,standard,1800,5895
kuakata,2,7.2,9,winter,deluxe,1800,8056
kuakata,5,11.2,4,summer,deluxe,1800,12841
kuakata,5,7.4,1,summer,deluxe,1800,10309
kuakata,3,11.7,9,autumn,deluxe,1800,9850
kuakata,2,2.0,6,winter,suite,1800,10640
kuakata,2,5.7,3,winter,deluxe,1800,8450
kuakata,3,6.8,1,autumn,standard,1800,6502
kuakata,4,10.9,4,monsoon,deluxe,1800,7622
paharpur,3,0.7,12,summer,deluxe,1500,6708
paharpur,4,11.0,2,monsoon,suite,1500,12214
paharpur,4,6.7,8,summer,deluxe,1500,7449
paharpur,3,4.1,8,monsoon,standard,1500,4277
paharpur,2,7.3,2,winter,deluxe,1500,7844
paharpur,3,8.5,8,monsoon,deluxe,1500,5916
paharpur,4,7.8,3,winter,deluxe,1500,9689
paharpur,3,3.3,3,winter,suite,1500,11015
paharpur,3,8.3,9,monsoon,deluxe,1500,5753
paharpur,3,5.2,9,autumn,suite,1500,11056
paharpur,3,8.5,10,monsoon,deluxe,1500,5788
paharpur,3,8.7,6,autumn,suite,1500,10414
paharpur,3,9.5,12,autumn,deluxe,1500,8386
paharpur,4,5.3,10,autumn,standard,1500,6816
paharpur,5,1.9,5,summer,suite,1500,9614
paharpur,3,8.8,8,autumn,suite,1500,10440
paharpur,2,1.2,5,autumn,deluxe,1500,6926
paharpur,2,10.1,11,winter,standard,1500,6041
paharpur,3,3.4,10,autumn,suite,1500,10256
paharpur,2,1.5,8,summer,standard,1500,3906
paharpur,3,5.1,10,winter,deluxe,1500,7849
paharpur,4,11.3,11,winter,suite,1500,14416
paharpur,2,8.9,10,winter,standard,1500,5957
paharpur,2,5.2,4,summer,standard,1500,4400
paharpur,2,3.7,8,autumn,standard,1500,5536
paharpur,4,4.3,1,autumn,deluxe,1500,8827
paharpur,2,5.3,1,winter,deluxe,1500,6938
paharpur,3,10.0,12,summer,suite,1500,11619
paharpur,5,4.3,6,winter,standard,1500,8332
paharpur,4,7.2,1,summer,suite,1500,12394
paharpur,5,7.6,6,winter,suite,1500,14299
paharpur,2,1.1,4,autumn,suite,1500,8018
paharpur,5,5.6,1,winter,deluxe,1500,9553
paharpur,3,4.9,12,autumn,standard,1500,6227
paharpur,3,10.6,6,winter,deluxe,1500,9029
paharpur,5,1.7,1,winter,standard,1500,6977
paharpur,3,3.1,11,autumn,standard,1500,5912
paharpur,2,5.6,5,autumn,suite,1500,10176
paharpur,5,8.5,11,winter,deluxe,1500,10503
paharpur,3,2.5,2,monsoon,standard,1500,4424
paharpur,3,7.7,2,autumn,suite,1500,11452
paharpur,2,11.1,8,autumn,standard,1500,5914
paharpur,3,3.6,12,winter,deluxe,1500,6966
paharpur,3,9.3,12,winter,standard,1500,6298
paharpur,5,2.4,6,monsoon,deluxe,1500,6153
paharpur,2,7.5,11,monsoon,suite,1500,6703
paharpur,4,10.4,1,winter,standard,1500,8780
paharpur,4,5.7,11,autumn,standard,1500,6064
paharpur,4,2.9,12,autumn,standard,1500,6186
paharpur,5,3.5,4,autumn,suite,1500,13257
paharpur,2,4.8,2,autumn,deluxe,1500,5788
paharpur,5,9.8,7,autumn,standard,1500,7978
paharpur,3,7.7,10,autumn,suite,1500,10012
paharpur,2,10.3,3,winter,suite,1500,11540
paharpur,5,2.9,2,autumn,standard,1500,7116
paharpur,2,5.3,8,summer,deluxe,1500,5913
paharpur,2,6.1,2,autumn,suite,1500,10157
paharpur,3,5.3,11,monsoon,suite,1500,8305
paharpur,5,8.8,4,monsoon,standard,1500,5605
paharpur,2,11.7,11,summer,deluxe,1500,7047
paharpur,3,3.6,5,monsoon,suite,1500,8784
paharpur,2,9.5,2,monsoon,suite,1500,6756
paharpur,3,5.2,4,autumn,suite,1500,11765
paharpur,3,10.3,3,summer,suite,1500,12099
paharpur,4,1.6,4,autumn,suite,1500,10972
paharpur,4,4.0,2,winter,deluxe,1500,10752
paharpur,3,3.8,6,monsoon,suite,1500,7871
paharpur,5,10.7,5,winter,suite,1500,17989
paharpur,2,7.4,3,monsoon,standard,1500,4088
paharpur,2,5.4,4,summer,standard,1500,4230
paharpur,2,9.0,7,summer,suite,1500,10101
paharpur,3,2.8,10,summer,deluxe,1500,6459
paharpur,2,2.3,10,autumn,suite,1500,9522
paharpur,3,6.9,1,monsoon,standard,1500,5756
paharpur,5,5.8,2,winter,deluxe,1500,10474
paharpur,5,7.4,1,monsoon,standard,1500,6519
paharpur,4,5.3,1,winter,deluxe,1500,9966
paharpur,4,12.0,5,summer,suite,1500,15387
paharpur,3,8.2,11,autumn,suite,1500,11472
paharpur,3,10.4,6,summer,standard,1500,5556
paharpur,4,4.7,1,autumn,standard,1500,7254
paharpur,4,7.0,1,monsoon,suite,1500,8977
paharpur,5,7.6,12,summer,standard,1500,6979
paharpur,4,5.8,11,monsoon,standard,1500,4803
paharpur,4,2.7,4,monsoon,deluxe,1500,6299
paharpur,4,3.1,9,monsoon,suite,1500,8598
paharpur,4,7.5,9,winter,suite,1500,12329
paharpur,3,10.3,10,winter,standard,1500,7343
paharpur,2,2.5,6,winter,deluxe,1500,6405
paharpur,4,9.9,8,summer,suite,1500,10474
paharpur,2,11.4,5,autumn,standard,1500,6444
paharpur,2,7.9,4,monsoon,deluxe,1500,5648
paharpur,4,2.1,4,autumn,deluxe,1500,8507
paharpur,3,12.0,5,autumn,suite,1500,12286
paharpur,2,2.3,1,autumn,suite,1500,9801
paharpur,3,0.6,5,summer,deluxe,1500,5782
paharpur,5,10.1,12,monsoon,suite,1500,12112
paharpur,5,4.5,8,summer,deluxe,1500,9251
paharpur,4,7.1,7,summer,suite,1500,11419
paharpur,2,2.5,11,autumn,standard,1500,4511
paharpur,5,11.4,5,winter,suite,1500,14628
paharpur,3,5.1,8,monsoon,deluxe,1500,5328
paharpur,5,11.6,12,winter,suite,1500,16852
paharpur,4,3.7,3,monsoon,standard,1500,5025
paharpur,5,6.8,3,winter,deluxe,1500,10296
paharpur,5,3.7,7,autumn,deluxe,1500,10154
paharpur,4,10.4,8,monsoon,standard,1500,5791
paharpur,2,6.6,10,summer,standard,1500,5254
paharpur,2,1.6,1,monsoon,suite,1500,7282
paharpur,3,11.8,10,monsoon,suite,1500,8981
paharpur,5,5.6,4,winter,deluxe,1500,11063
paharpur,2,8.1,1,winter,standard,1500,5257
paharpur,4,2.8,12,summer,deluxe,1500,7472
paharpur,3,9.0,7,autumn,deluxe,1500,7890
paharpur,4,6.2,4,winter,standard,1500,7393
paharpur,5,9.6,3,winter,suite,1500,15964
paharpur,5,11.2,1,monsoon,suite,1500,11799
paharpur,2,3.2,5,monsoon,deluxe,1500,5120
paharpur,5,1.6,12,autumn,suite,1500,13228
paharpur,3,10.6,3,winter,suite,1500,12600
paharpur,4,11.8,10,monsoon,deluxe,1500,7237
paharpur,3,9.4,12,winter,suite,1500,14120
paharpur,2,6.8,12,autumn,deluxe,1500,6907
paharpur,4,6.2,3,winter,deluxe,1500,9404
paharpur,3,6.5,6,summer,standard,1500,4686
rajshahi,2,7.9,2,summer,suite,1800,10522
rajshahi,5,5.8,10,summer,deluxe,1800,10247
rajshahi,4,8.4,10,monsoon,suite,1800,11613
rajshahi,4,2.4,7,winter,standard,1800,7568
rajshahi,3,3.6,5,autumn,deluxe,1800,9334
rajshahi,5,0.7,7,winter,deluxe,1800,10920
rajshahi,5,1.8,3,winter,deluxe,1800,11928
rajshahi,5,5.9,6,winter,standard,1800,7494
rajshahi,3,11.2,12,winter,suite,1800,13714
rajshahi,2,9.0,6,summer,suite,1800,10385
rajshahi,3,4.4,1,summer,deluxe,1800,7480
rajshahi,4,6.2,2,autumn,standard,1800,7531
rajshahi,3,7.7,12,winter,suite,1800,14663
rajshahi,5,11.1,11,autumn,suite,1800,18114
rajshahi,5,9.7,8,monsoon,deluxe,1800,8625
rajshahi,4,5.1,7,summer,deluxe,1800,9006
rajshahi,3,11.7,1,winter,suite,1800,14728
rajshahi,3,8.0,4,autumn,suite,1800,10907
rajshahi,4,4.7,8,winter,suite,1800,13994
rajshahi,2,4.6,10,autumn,deluxe,1800,7003
rajshahi,5,0.9,12,monsoon,standard,1800,5931
rajshahi,5,8.4,12,winter,suite,1800,18246
rajshahi,4,1.6,10,autumn,standard,1800,6481
rajshahi,5,2.3,6,monsoon,suite,1800,10056
rajshahi,5,6.6,12,monsoon,deluxe,1800,8287
rajshahi,4,11.1,2,summer,deluxe,1800,11207
rajshahi,4,0.8,9,summer,deluxe,1800,7703
rajshahi,2,5.2,8,summer,suite,1800,9753
rajshahi,4,8.6,4,autumn,suite,1800,16122
rajshahi,4,8.7,1,summer,standard,1800,7267
rajshahi,3,7.3,6,summer,deluxe,1800,7881
rajshahi,2,8.8,3,monsoon,suite,1800,9847
rajshahi,3,1.2,7,monsoon,suite,1800,10222
rajshahi,2,7.5,10,monsoon,suite,1800,8135
rajshahi,3,11.6,10,summer,deluxe,1800,9870
rajshahi,4,7.9,3,summer,suite,1800,13607
rajshahi,3,1.9,10,monsoon,suite,1800,9517
rajshahi,5,6.4,7,autumn,deluxe,1800,11135
rajshahi,5,9.6,9,monsoon,standard,1800,7858
rajshahi,2,8.3,4,monsoon,suite,1800,8419
rajshahi,4,11.5,11,summer,suite,1800,14813
rajshahi,5,7.8,12,monsoon,suite,1800,10825
rajshahi,3,8.1,5,summer,suite,1800,12627
rajshahi,5,9.8,8,summer,standard,1800,8844
rajshahi,5,5.3,9,summer,standard,1800,7612
rajshahi,5,7.2,5,autumn,deluxe,1800,11437
rajshahi,2,5.5,1,winter,deluxe,1800,7992
rajshahi,4,0.7,7,autumn,suite,1800,11260
rajshahi,2,6.3,7,autumn,suite,1800,10075
rajshahi,3,2.5,11,monsoon,deluxe,1800,6229
rajshahi,5,3.0,11,autumn,suite,1800,13449
rajshahi,5,4.9,12,summer,deluxe,1800,8906
rajshahi,2,0.6,3,summer,suite,1800,8455
rajshahi,2,10.6,2,summer,suite,1800,10183
rajshahi,4,1.5,12,summer,suite,1800,10270
rajshahi,3,4.9,8,winter,suite,1800,11888
rajshahi,4,8.1,5,autumn,suite,1800,13734
rajshahi,5,3.8,2,summer,deluxe,1800,9480
rajshahi,5,1.8,12,winter,standard,1800,8315
rajshahi,4,2.8,12,autumn,suite,1800,15964
rajshahi,4,5.9,9,winter,deluxe,1800,11673
rajshahi,4,0.7,4,autumn,deluxe,1800,8823
rajshahi,5,1.9,2,summer,deluxe,1800,9518
rajshahi,5,6.6,1,autumn,suite,1800,16796
rajshahi,4,11.9,1,summer,suite,1800,14561
rajshahi,4,10.7,10,autumn,deluxe,1800,10432
rajshahi,3,9.0,3,winter,standard,1800,7794
rajshahi,5,7.1,6,winter,suite,1800,15475
rajshahi,5,9.2,8,summer,suite,1800,14172
rajshahi,2,1.7,11,autumn,standard,1800,5281
rajshahi,4,3.9,4,monsoon,deluxe,1800,7795
rajshahi,4,2.2,7,monsoon,deluxe,1800,6093
rajshahi,2,3.3,9,monsoon,deluxe,1800,5674
rajshahi,5,7.1,11,summer,deluxe,1800,10544
rajshahi,5,8.8,9,summer,suite,1800,15110
rajshahi,4,3.7,5,autumn,suite,1800,14100
rajshahi,3,10.5,10,summer,suite,1800,11223
rajshahi,2,1.3,12,winter,suite,1800,9823
rajshahi,3,4.0,2,monsoon,deluxe,1800,6399
rajshahi,4,10.5,4,winter,standard,1800,8283
rajshahi,3,12.0,4,winter,suite,1800,16379
rajshahi,4,3.3,7,winter,standard,1800,6429
rajshahi,5,5.6,6,winter,deluxe,1800,12423
rajshahi,4,7.7,11,winter,suite,1800,13398
rajshahi,4,10.2,9,summer,deluxe,1800,9665
rajshahi,5,10.0,7,monsoon,suite,1800,13402
rajshahi,3,11.4,8,winter,suite,1800,14150
rajshahi,2,4.5,3,summer,standard,1800,5287
rajshahi,4,10.6,12,monsoon,deluxe,1800,8294
rajshahi,5,10.8,8,winter,deluxe,1800,13575
rajshahi,3,4.2,7,monsoon,deluxe,1800,6097
rajshahi,4,10.7,9,monsoon,suite,1800,10162
rajshahi,2,7.2,12,winter,standard,1800,6276
rajshahi,5,11.6,7,monsoon,standard,1800,6893
rajshahi,3,11.8,2,winter,suite,1800,12760
rajshahi,3,7.3,2,winter,suite,1800,14005
rajshahi,5,6.2,6,monsoon,suite,1800,11494
rajshahi,4,3.4,9,autumn,deluxe,1800,9673
rajshahi,4,11.2,9,summer,suite,1800,13402
rajshahi,4,12.0,8,winter,suite,1800,19087
rajshahi,5,10.3,3,winter,deluxe,1800,12061
rajshahi,4,4.2,7,summer,deluxe,1800,8606
rajshahi,5,5.8,9,summer,deluxe,1800,9874
rajshahi,4,4.4,11,summer,suite,1800,12844
rajshahi,4,1.1,10,winter,standard,1800,7867
rajshahi,4,7.0,2,winter,suite,1800,14833
rajshahi,3,2.4,4,monsoon,standard,1800,5028
rajshahi,5,8.7,7,monsoon,suite,1800,12288
rajshahi,2,2.1,11,summer,suite,1800,8570
rajshahi,3,10.6,6,winter,deluxe,1800,10295
rajshahi,2,3.0,1,autumn,deluxe,1800,7766
rajshahi,2,6.8,4,monsoon,suite,1800,7923
rajshahi,2,4.3,9,monsoon,standard,1800,5330
rajshahi,4,1.3,3,autumn,standard,1800,7267
rajshahi,4,6.9,5,monsoon,suite,1800,11358
rajshahi,3,8.2,5,monsoon,deluxe,1800,6858
rajshahi,2,6.2,10,monsoon,deluxe,1800,5307
rajshahi,3,8.4,6,monsoon,deluxe,1800,7299
rajshahi,4,10.1,7,winter,deluxe,1800,11088
rajshahi,5,9.1,12,summer,standard,1800,8125
rajshahi,5,10.7,2,winter,standard,1800,11025
rajshahi,4,9.9,11,monsoon,deluxe,1800,8509
rajshahi,5,3.5,10,monsoon,standard,1800,5434
rajshahi,3,11.4,2,summer,deluxe,1800,8862
rajshahi,5,0.9,6,monsoon,standard,1800,5155
rangamati,4,10.1,5,monsoon,standard,2500,7093
rangamati,3,0.8,1,winter,standard,2500,7467
rangamati,3,0.7,8,winter,suite,2500,13834
rangamati,4,1.6,1,winter,deluxe,2500,12595
rangamati,3,5.7,11,autumn,standard,2500,8493
rangamati,4,4.3,1,summer,deluxe,2500,10143
rangamati,2,2.4,8,summer,suite,2500,12421
rangamati,4,3.1,8,autumn,deluxe,2500,10519
rangamati,4,1.8,3,winter,deluxe,2500,13892
rangamati,5,5.9,10,monsoon,deluxe,2500,12309
rangamati,5,5.6,7,summer,suite,2500,14505
rangamati,5,9.4,2,autumn,deluxe,2500,13459
rangamati,2,10.0,2,winter,deluxe,2500,13668
rangamati,2,4.8,11,autumn,suite,2500,13629
rangamati,2,8.5,1,monsoon,standard,2500,6015
rangamati,5,10.0,12,monsoon,standard,2500,8862
rangamati,2,1.2,6,monsoon,deluxe,2500,5316
rangamati,5,3.3,4,monsoon,standard,2500,6847
rangamati,5,9.9,11,winter,deluxe,2500,14291
rangamati,3,0.6,12,summer,standard,2500,6844
rangamati,2,0.8,12,autumn,suite,2500,13774
rangamati,5,2.4,11,summer,suite,2500,12398
rangamati,5,2.7,7,summer,standard,2500,8902
rangamati,3,3.4,11,winter,standard,2500,7822
rangamati,2,0.7,2,monsoon,suite,2500,7904
rangamati,5,1.5,2,monsoon,suite,2500,13835
rangamati,5,2.3,4,autumn,standard,2500,9133
rangamati,3,1.1,12,summer,deluxe,2500,10696
rangamati,4,11.4,6,monsoon,deluxe,2500,10432
rangamati,2,6.4,7,monsoon,standard,2500,5406
rangamati,4,8.8,5,summer,deluxe,2500,11113
rangamati,3,4.4,5,summer,deluxe,2500,10333
rangamati,5,1.7,5,monsoon,suite,2500,12373
rangamati,3,11.7,10,summer,suite,2500,17314
rangamati,2,4.4,8,monsoon,suite,2500,8893
rangamati,2,0.6,3,summer,standard,2500,6558
rangamati,3,9.1,10,summer,deluxe,2500,11226
rangamati,4,10.7,3,monsoon,suite,2500,13376
rangamati,4,3.1,10,autumn,deluxe,2500,12532
rangamati,5,5.1,9,summer,deluxe,2500,10351
rangamati,3,6.1,5,summer,standard,2500,6988
rangamati,3,2.3,11,monsoon,deluxe,2500,7823
rangamati,3,2.2,10,summer,standard,2500,6682
rangamati,3,11.9,2,monsoon,deluxe,2500,8278
rangamati,2,3.1,10,monsoon,standard,2500,4505
rangamati,5,5.8,9,summer,deluxe,2500,12785
rangamati,2,8.1,11,summer,suite,2500,15082
rangamati,2,9.7,8,monsoon,suite,2500,12540
rangamati,4,8.6,3,monsoon,deluxe,2500,9149
rangamati,3,3.1,10,winter,standard,2500,8732
rangamati,5,1.9,7,summer,standard,2500,8677
rangamati,2,3.4,2,monsoon,suite,2500,10117
rangamati,3,5.9,9,monsoon,suite,2500,11181
rangamati,3,8.9,12,summer,suite,2500,15846
rangamati,4,10.9,11,summer,suite,2500,16984
rangamati,2,8.3,12,winter,standard,2500,8235
rangamati,3,8.7,7,monsoon,deluxe,2500,7549
rangamati,2,6.7,3,autumn,deluxe,2500,10203
rangamati,4,8.6,5,autumn,standard,2500,9474
rangamati,5,8.0,8,monsoon,deluxe,2500,11149
rangamati,4,6.5,7,monsoon,deluxe,2500,9066
rangamati,3,3.7,9,monsoon,deluxe,2500,8678
rangamati,5,3.3,5,winter,deluxe,2500,15781
rangamati,2,6.7,6,summer,suite,2500,12508
rangamati,3,7.8,4,summer,standard,2500,8199
rangamati,3,1.2,10,summer,suite,2500,11977
rangamati,2,4.5,11,autumn,standard,2500,7737
rangamati,4,11.1,9,summer,deluxe,2500,13173
rangamati,4,1.6,8,winter,standard,2500,9528
rangamati,5,3.7,1,summer,suite,2500,17759
rangamati,4,1.2,1,monsoon,suite,2500,11656
rangamati,3,10.7,2,autumn,deluxe,2500,12554
rangamati,5,10.9,3,monsoon,standard,2500,7987
rangamati,2,12.0,5,autumn,standard,2500,7971
rangamati,2,4.8,9,autumn,standard,2500,6788
rangamati,3,8.2,3,autumn,deluxe,2500,11622
rangamati,4,1.3,9,winter,deluxe,2500,12431
rangamati,2,3.1,4,summer,deluxe,2500,8279
rangamati,4,4.7,1,summer,standard,2500,7931
rangamati,4,3.8,8,monsoon,deluxe,2500,8129
rangamati,3,6.8,8,winter,standard,2500,9165
rangamati,2,11.3,5,winter,suite,2500,16330
rangamati,4,4.6,5,autumn,suite,2500,15336
rangamati,3,0.7,9,summer,deluxe,2500,10648
rangamati,3,2.5,6,summer,suite,2500,12493
rangamati,4,5.8,12,winter,deluxe,2500,11513
rangamati,3,10.0,6,winter,suite,2500,17323
rangamati,3,9.1,6,autumn,deluxe,2500,11763
rangamati,5,4.7,9,winter,standard,2500,9917
rangamati,2,10.9,12,autumn,deluxe,2500,10875
rangamati,3,11.0,8,winter,deluxe,2500,14901
rangamati,4,0.9,2,autumn,standard,2500,8126
rangamati,4,6.2,3,summer,suite,2500,15785
rangamati,4,7.7,6,summer,deluxe,2500,12146
rangamati,3,7.5,5,winter,deluxe,2500,11549
rangamati,3,1.6,4,monsoon,suite,2500,9584
rangamati,5,6.6,2,autumn,suite,2500,19852
rangamati,2,11.6,2,autumn,suite,2500,13805
rangamati,2,9.6,5,monsoon,standard,2500,6260
rangamati,3,11.3,7,monsoon,suite,2500,13310
rangamati,2,1.8,8,summer,suite,2500,11638
rangamati,4,5.1,10,winter,standard,2500,9437
rangamati,5,11.0,3,autumn,standard,2500,11417
rangamati,4,9.1,10,monsoon,suite,2500,14276
rangamati,3,3.0,1,summer,suite,2500,13161
rangamati,5,6.4,2,summer,suite,2500,15982
rangamati,4,3.2,2,autumn,deluxe,2500,11928
rangamati,4,2.3,12,winter,suite,2500,14847
rangamati,2,2.4,4,monsoon,standard,2500,5394
rangamati,3,3.5,3,monsoon,standard,2500,5482
rangamati,2,1.4,3,autumn,suite,2500,13279
rangamati,2,5.9,5,monsoon,deluxe,2500,6641
rangamati,3,9.5,9,winter,standard,2500,8115
rangamati,4,8.0,3,winter,standard,2500,9402
rangamati,4,7.8,4,summer,standard,2500,9597
rangamati,4,6.6,4,summer,deluxe,2500,11771
rangamati,5,12.0,7,monsoon,standard,2500,7854
rangamati,2,2.5,10,summer,suite,2500,12439
rangamati,5,10.4,3,winter,deluxe,2500,15292
rangamati,5,6.2,8,winter,deluxe,2500,13189
rangamati,4,8.0,4,winter,deluxe,2500,14632
rangamati,5,3.8,12,autumn,suite,2500,18420
rangamati,4,11.4,10,monsoon,deluxe,2500,10973
rangamati,5,6.2,2,summer,suite,2500,15511
rangamati,4,8.0,9,winter,standard,2500,10021
sreemangal,2,0.5,4,winter,suite,2000,12374
sreemangal,3,0.9,10,summer,standard,2000,4811
sreemangal,3,4.1,10,summer,suite,2000,11852
sreemangal,5,7.8,7,summer,deluxe,2000,12494
sreemangal,5,8.8,1,autumn,standard,2000,9936
sreemangal,3,7.5,3,monsoon,standard,2000,5796
sreemangal,4,8.6,3,monsoon,suite,2000,12006
sreemangal,3,3.6,10,monsoon,deluxe,2000,6139
sreemangal,4,1.0,12,winter,deluxe,2000,10894
sreemangal,3,5.5,7,autumn,suite,2000,12861
sreemangal,3,11.7,5,autumn,deluxe,2000,10629
sreemangal,4,3.0,8,summer,standard,2000,5835
sreemangal,4,5.5,4,winter,deluxe,2000,13498
sreemangal,3,8.9,5,winter,standard,2000,8867
sreemangal,3,4.2,10,autumn,standard,2000,7599
sreemangal,5,9.5,3,winter,deluxe,2000,15143
sreemangal,5,10.1,6,autumn,deluxe,2000,13017
sreemangal,2,7.6,7,winter,standard,2000,7883
sreemangal,3,6.8,10,autumn,deluxe,2000,8053
sreemangal,3,4.9,9,winter,deluxe,2000,11562
sreemangal,5,6.4,10,monsoon,standard,2000,5950
sreemangal,4,8.4,8,monsoon,standard,2000,5478
sreemangal,3,11.9,5,autumn,standard,2000,8307
sreemangal,5,4.8,12,monsoon,suite,2000,12879
sreemangal,3,5.5,9,autumn,standard,2000,7080
sreemangal,5,6.2,3,winter,deluxe,2000,13603
sreemangal,5,5.4,12,winter,deluxe,2000,11010
sreemangal,4,11.9,4,autumn,deluxe,2000,10541
sreemangal,3,2.5,9,summer,standard,2000,5693
sreemangal,2,7.1,6,autumn,deluxe,2000,8913
sreemangal,2,2.1,1,summer,suite,2000,9492
sreemangal,4,3.2,1,autumn,deluxe,2000,11010
sreemangal,3,4.7,1,autumn,suite,2000,12150
sreemangal,3,12.0,11,monsoon,standard,2000,5536
sreemangal,5,11.5,11,winter,deluxe,2000,15533
sreemangal,4,11.6,11,winter,deluxe,2000,13410
sreemangal,3,6.0,10,summer,suite,2000,12418
sreemangal,2,10.7,10,autumn,standard,2000,6445
sreemangal,4,9.8,12,autumn,deluxe,2000,12203
sreemangal,4,6.7,6,summer,deluxe,2000,10680
sreemangal,4,6.2,7,winter,suite,2000,16202
sreemangal,4,3.1,5,monsoon,suite,2000,10440
sreemangal,5,0.5,12,autumn,suite,2000,15608
sreemangal,3,4.4,4,autumn,standard,2000,8213
sreemangal,4,6.0,5,summer,suite,2000,12892
sreemangal,4,3.9,9,summer,deluxe,2000,11118
sreemangal,5,2.4,11,winter,standard,2000,8342
sreemangal,5,3.9,9,monsoon,deluxe,2000,8789
sreemangal,4,6.4,5,summer,suite,2000,14133
sreemangal,3,3.8,8,autumn,deluxe,2000,9051
sreemangal,3,10.2,2,autumn,suite,2000,17478
sreemangal,3,1.9,9,winter,standard,2000,6694
sreemangal,5,11.4,10,winter,suite,2000,17727
sreemangal,5,4.0,11,autumn,standard,2000,9305
sreemangal,4,7.7,9,winter,suite,2000,16064
sreemangal,3,6.9,4,summer,standard,2000,7135
sreemangal,4,2.3,3,monsoon,standard,2000,5689
sreemangal,3,2.2,8,autumn,suite,2000,13154
sreemangal,5,11.1,1,summer,suite,2000,17155
sreemangal,5,11.9,1,summer,deluxe,2000,12153
sreemangal,3,11.9,10,winter,deluxe,2000,11891
sreemangal,5,10.2,1,summer,suite,2000,15655
sreemangal,4,7.2,11,autumn,suite,2000,18459
sreemangal,3,3.3,8,monsoon,suite,2000,9847
sreemangal,5,4.7,11,monsoon,suite,2000,11419
sreemangal,2,7.0,8,autumn,suite,2000,13358
sreemangal,4,4.9,10,monsoon,suite,2000,9933
sreemangal,5,9.8,6,monsoon,suite,2000,14156
sreemangal,4,2.2,5,winter,standard,2000,7437
sreemangal,4,11.0,11,summer,standard,2000,7568
sreemangal,2,6.0,2,summer,standard,2000,6315
sreemangal,4,7.2,9,autumn,standard,2000,8309
sreemangal,2,10.5,9,monsoon,deluxe,2000,6467
sreemangal,2,6.9,11,winter,standard,2000,9329
sreemangal,4,2.6,5,autumn,suite,2000,11963
sreemangal,5,0.7,8,winter,deluxe,2000,11712
sreemangal,3,9.9,11,autumn,deluxe,2000,10702
sreemangal,4,7.1,6,summer,deluxe,2000,11000
sreemangal,3,8.5,10,winter,suite,2000,16693
sreemangal,5,11.1,7,monsoon,deluxe,2000,9835
sreemangal,2,11.6,9,summer,suite,2000,11134
sreemangal,5,5.9,1,winter,standard,2000,8848
sreemangal,5,1.5,2,autumn,suite,2000,14389
sreemangal,2,8.5,4,monsoon,deluxe,2000,6881
sreemangal,5,4.8,11,monsoon,suite,2000,10899
sreemangal,3,9.5,11,summer,suite,2000,12723
sreemangal,3,0.5,2,autumn,deluxe,2000,7832
sreemangal,4,8.9,3,monsoon,suite,2000,10368
sreemangal,2,3.8,2,autumn,suite,2000,10760
sreemangal,4,11.5,6,winter,standard,2000,10318
sreemangal,2,4.6,8,summer,suite,2000,11053
sreemangal,5,8.0,1,autumn,deluxe,2000,12296
sreemangal,4,11.3,8,monsoon,deluxe,2000,10560
sreemangal,4,6.0,9,monsoon,deluxe,2000,7749
sreemangal,5,1.0,1,summer,deluxe,2000,8878
sreemangal,3,9.2,9,monsoon,deluxe,2000,8555
sreemangal,3,5.2,12,winter,deluxe,2000,8546
sreemangal,2,9.1,12,summer,standard,2000,5960
sreemangal,3,6.1,10,winter,standard,2000,8077
sreemangal,3,6.1,11,summer,deluxe,2000,8000
sreemangal,3,8.1,12,autumn,deluxe,2000,10803
sreemangal,5,11.9,3,summer,standard,2000,8482
sreemangal,2,7.2,9,winter,suite,2000,14080
sreemangal,4,6.1,10,summer,standard,2000,7844
sreemangal,4,1.1,3,autumn,deluxe,2000,11604
sreemangal,5,4.9,9,summer,suite,2000,14048
sreemangal,2,3.2,3,summer,deluxe,2000,6599
sreemangal,4,8.8,8,summer,suite,2000,14811
sreemangal,5,6.4,4,autumn,standard,2000,10245
sreemangal,2,9.6,12,autumn,standard,2000,7486
sreemangal,5,6.0,9,summer,deluxe,2000,10624
sreemangal,2,1.5,7,monsoon,suite,2000,8128
sreemangal,5,3.1,10,autumn,suite,2000,16999
sreemangal,5,11.5,12,monsoon,deluxe,2000,9761
sreemangal,4,8.1,8,winter,standard,2000,8745
sreemangal,3,5.6,1,summer,deluxe,2000,8020
sreemangal,4,9.3,9,autumn,deluxe,2000,11531
sreemangal,3,5.8,7,winter,standard,2000,7803
sreemangal,3,9.6,11,winter,suite,2000,14978
sreemangal,2,5.1,5,monsoon,deluxe,2000,6137
sreemangal,5,3.6,2,winter,suite,2000,17039
sreemangal,5,5.1,10,winter,suite,2000,16026
sreemangal,2,7.4,12,monsoon,suite,2000,8533
sreemangal,3,1.9,3,summer,deluxe,2000,7709
sreemangal,3,1.8,2,winter,suite,2000,13817
srimangal,4,6.6,8,monsoon,standard,2000,6171
srimangal,3,3.2,12,autumn,deluxe,2000,8388
srimangal,3,11.6,8,winter,deluxe,2000,11496
srimangal,4,11.3,6,summer,standard,2000,7594
srimangal,3,10.2,2,winter,deluxe,2000,11789
srimangal,3,8.8,11,winter,suite,2000,16072
srimangal,5,5.8,11,summer,suite,2000,14815
srimangal,2,0.8,12,summer,deluxe,2000,7083
srimangal,5,9.8,7,summer,deluxe,2000,12121
srimangal,2,5.1,12,monsoon,standard,2000,4857
srimangal,3,5.0,8,monsoon,deluxe,2000,6765
srimangal,3,4.8,9,summer,standard,2000,5985
srimangal,4,5.0,3,monsoon,standard,2000,5760
srimangal,3,3.2,1,autumn,deluxe,2000,8427
srimangal,4,11.0,8,autumn,suite,2000,15405
srimangal,2,8.5,10,summer,standard,2000,6256
srimangal,3,5.7,10,summer,suite,2000,11878
srimangal,4,11.6,11,monsoon,deluxe,2000,8253
srimangal,3,10.4,7,winter,deluxe,2000,12556
srimangal,2,4.2,4,autumn,standard,2000,5608
srimangal,5,2.6,11,monsoon,deluxe,2000,7576
srimangal,4,11.7,8,summer,suite,2000,15688
srimangal,4,11.1,3,monsoon,deluxe,2000,8081
srimangal,2,2.8,8,monsoon,deluxe,2000,5762
srimangal,4,9.5,3,winter,deluxe,2000,12051
srimangal,2,4.0,6,winter,standard,2000,7299
srimangal,5,1.4,7,winter,suite,2000,16178
srimangal,4,10.7,3,summer,standard,2000,7844
srimangal,3,3.4,1,autumn,standard,2000,6958
srimangal,3,10.0,11,autumn,deluxe,2000,12105
srimangal,3,5.3,1,summer,suite,2000,11368
srimangal,3,11.6,8,summer,deluxe,2000,10107
srimangal,5,4.1,1,autumn,deluxe,2000,12577
srimangal,3,2.1,6,monsoon,standard,2000,4611
srimangal,4,9.1,9,autumn,standard,2000,9192
srimangal,4,1.5,5,winter,deluxe,2000,10291
srimangal,4,6.9,3,autumn,deluxe,2000,10012
srimangal,4,11.3,12,monsoon,suite,2000,13841
srimangal,3,8.4,8,summer,suite,2000,14357
srimangal,3,3.0,3,autumn,suite,2000,10969
srimangal,4,5.8,5,winter,deluxe,2000,12209
srimangal,3,4.5,6,autumn,suite,2000,14358
srimangal,3,0.7,2,monsoon,deluxe,2000,6193
srimangal,5,4.4,11,monsoon,standard,2000,6416
srimangal,4,2.9,5,winter,suite,2000,17068
srimangal,5,2.0,7,winter,suite,2000,14894
srimangal,3,7.1,3,winter,standard,2000,8869
srimangal,4,6.5,2,autumn,deluxe,2000,12827
srimangal,4,8.5,3,autumn,standard,2000,7618
srimangal,5,4.9,9,summer,suite,2000,13829
srimangal,4,1.6,3,winter,deluxe,2000,11390
srimangal,5,10.9,10,autumn,suite,2000,18273
srimangal,4,2.0,3,summer,deluxe,2000,8742
srimangal,2,11.1,9,autumn,deluxe,2000,9293
srimangal,5,1.3,5,monsoon,deluxe,2000,7546
srimangal,4,2.4,12,winter,standard,2000,7665
srimangal,5,10.0,1,winter,suite,2000,20675
srimangal,2,5.9,10,winter,suite,2000,13374
srimangal,3,11.6,2,summer,suite,2000,14452
srimangal,4,1.3,5,winter,suite,2000,14855
srimangal,4,6.9,3,autumn,standard,2000,7802
srimangal,5,7.9,7,winter,deluxe,2000,15608
srimangal,4,10.0,2,summer,suite,2000,16186
srimangal,4,9.1,10,summer,standard,2000,7404
srimangal,3,11.7,12,autumn,suite,2000,14925
srimangal,4,7.0,12,autumn,suite,2000,14775
srimangal,2,9.4,5,autumn,suite,2000,10800
srimangal,3,0.6,3,winter,suite,2000,13974
srimangal,4,1.4,5,monsoon,standard,2000,5080
srimangal,3,7.8,7,summer,suite,2000,11940
srimangal,3,3.4,6,winter,suite,2000,14116
srimangal,3,7.6,2,summer,suite,2000,12460
srimangal,4,10.4,2,monsoon,deluxe,2000,9101
srimangal,2,7.4,7,winter,standard,2000,7295
srimangal,5,8.0,10,winter,deluxe,2000,17344
srimangal,3,3.5,3,summer,standard,2000,6160
srimangal,2,11.4,9,summer,standard,2000,6492
srimangal,5,10.5,4,monsoon,deluxe,2000,10222
srimangal,5,1.3,10,summer,standard,2000,7378
srimangal,2,5.1,1,summer,deluxe,2000,7652
srimangal,2,3.5,5,summer,suite,2000,10152
srimangal,2,4.9,8,autumn,suite,2000,14294
srimangal,3,2.0,3,monsoon,deluxe,2000,7090
srimangal,2,12.0,8,autumn,suite,2000,13546
srimangal,3,10.1,6,summer,standard,2000,7249
srimangal,4,4.9,11,monsoon,standard,2000,5678
srimangal,5,7.9,2,autumn,suite,2000,14577
srimangal,2,7.6,8,monsoon,deluxe,2000,6822
srimangal,5,3.4,5,winter,standard,2000,8731
srimangal,3,4.7,9,monsoon,standard,2000,4614
srimangal,4,6.4,4,monsoon,deluxe,2000,8104
srimangal,4,2.9,2,autumn,suite,2000,12366
srimangal,5,11.5,11,winter,standard,2000,9635
srimangal,2,9.8,8,winter,suite,2000,14347
srimangal,3,6.6,2,autumn,suite,2000,15088
srimangal,2,9.2,3,summer,deluxe,2000,8357
srimangal,2,4.5,11,monsoon,deluxe,2000,6280
srimangal,2,3.3,5,summer,suite,2000,9824
srimangal,3,4.5,6,monsoon,deluxe,2000,6040
srimangal,3,2.0,5,summer,standard,2000,5557
srimangal,4,1.4,1,autumn,deluxe,2000,10556
srimangal,4,2.4,10,autumn,suite,2000,14895
srimangal,5,7.9,2,summer,deluxe,2000,11582
srimangal,4,4.7,12,autumn,suite,2000,13912
srimangal,2,2.5,11,summer,suite,2000,9611
srimangal,3,12.0,8,summer,standard,2000,6764
srimangal,3,3.5,4,summer,standard,2000,5969
srimangal,2,9.5,11,winter,deluxe,2000,10202
srimangal,3,2.6,2,monsoon,deluxe,2000,6132
srimangal,2,7.1,10,summer,deluxe,2000,8936
srimangal,4,1.2,10,autumn,standard,2000,7523
srimangal,5,2.3,5,winter,suite,2000,15104
srimangal,4,3.2,7,monsoon,suite,2000,9998
srimangal,3,11.5,7,summer,standard,2000,6782
srimangal,3,1.7,9,monsoon,deluxe,2000,6905
srimangal,5,9.3,3,autumn,standard,2000,9614
srimangal,2,6.4,6,winter,suite,2000,12885
srimangal,4,5.3,1,monsoon,suite,2000,10826
srimangal,3,9.2,7,monsoon,deluxe,2000,7301
srimangal,2,7.3,3,winter,standard,2000,8051
srimangal,5,11.9,4,summer,deluxe,2000,11402
srimangal,5,11.7,10,winter,deluxe,2000,13316
srimangal,5,11.1,4,winter,deluxe,2000,13629
srimangal,4,0.6,9,summer,standard,2000,6107
srimangal,5,8.3,6,autumn,standard,2000,9534
sundarbans,2,11.9,1,winter,standard,5000,18848
sundarbans,5,11.7,9,monsoon,standard,5000,11681
sundarbans,3,11.7,9,summer,standard,5000,16145
sundarbans,5,1.5,4,monsoon,standard,5000,10354
sundarbans,4,10.2,2,summer,standard,5000,16515
sundarbans,4,9.7,2,monsoon,standard,5000,11256
sundarbans,4,9.9,7,autumn,deluxe,5000,19439
sundarbans,3,0.7,12,summer,standard,5000,13532
sundarbans,3,1.7,5,winter,standard,5000,16296
sundarbans,4,10.8,4,monsoon,suite,5000,20368
sundarbans,3,11.7,12,winter,deluxe,5000,21118
sundarbans,5,1.3,6,summer,deluxe,5000,21538
sundarbans,4,4.1,2,monsoon,standard,5000,9758
sundarbans,3,6.1,4,winter,deluxe,5000,21217
sundarbans,4,1.9,2,summer,deluxe,5000,17409
sundarbans,5,6.7,7,autumn,deluxe,5000,22165
sundarbans,4,3.0,5,winter,deluxe,5000,21479
sundarbans,4,9.7,10,winter,suite,5000,30252
sundarbans,5,2.4,3,monsoon,standard,5000,9761
sundarbans,4,7.1,9,monsoon,suite,5000,21956
sundarbans,3,8.4,11,summer,standard,5000,14596
sundarbans,3,4.2,3,monsoon,suite,5000,20029
sundarbans,2,5.3,8,summer,suite,5000,23018
sundarbans,2,3.1,3,winter,deluxe,5000,19634
sundarbans,4,9.6,6,monsoon,suite,5000,20359
sundarbans,4,5.0,12,autumn,suite,5000,28379
sundarbans,4,6.7,1,winter,standard,5000,16917
sundarbans,4,2.1,8,monsoon,suite,5000,18515
sundarbans,5,0.5,10,monsoon,suite,5000,19330
sundarbans,4,10.4,1,autumn,standard,5000,17047
sundarbans,2,4.3,10,autumn,standard,5000,13372
sundarbans,5,11.9,10,monsoon,standard,5000,12284
sundarbans,4,9.1,9,monsoon,suite,5000,22525
sundarbans,4,10.9,11,monsoon,deluxe,5000,13730
sundarbans,5,6.2,1,summer,suite,5000,26197
sundarbans,3,5.1,7,summer,suite,5000,22429
sundarbans,5,8.1,5,winter,standard,5000,17145
sundarbans,4,3.8,3,autumn,deluxe,5000,19510
sundarbans,4,9.6,10,winter,suite,5000,31897
sundarbans,3,4.8,2,autumn,deluxe,5000,21501
sundarbans,2,11.2,4,winter,suite,5000,29358
sundarbans,5,6.5,9,summer,standard,5000,15320
sundarbans,3,7.6,7,monsoon,deluxe,5000,14422
sundarbans,4,11.8,8,autumn,standard,5000,15938
sundarbans,3,8.0,9,monsoon,deluxe,5000,14013
sundarbans,4,2.2,2,winter,standard,5000,14012
sundarbans,3,5.9,10,monsoon,deluxe,5000,13598
sundarbans,2,11.7,2,summer,suite,5000,22753
sundarbans,4,7.1,3,winter,standard,5000,19420
sundarbans,5,3.6,11,winter,standard,5000,18167
sundarbans,5,6.9,3,winter,deluxe,5000,24460
sundarbans,2,1.3,12,autumn,deluxe,5000,14360
sundarbans,3,4.1,3,summer,suite,5000,20909
sundarbans,4,10.4,7,monsoon,standard,5000,11599
sundarbans,3,0.7,10,autumn,deluxe,5000,17472
sundarbans,3,3.6,7,autumn,suite,5000,26809
sundarbans,3,2.5,10,autumn,suite,5000,26193
sundarbans,2,6.4,3,summer,standard,5000,13019
sundarbans,4,10.3,6,monsoon,suite,5000,22585
sundarbans,5,8.7,4,monsoon,standard,5000,12096
sundarbans,2,6.8,12,summer,suite,5000,25656
sundarbans,5,8.2,7,monsoon,deluxe,5000,16342
sundarbans,2,1.1,4,summer,deluxe,5000,13357
sundarbans,3,11.4,8,winter,deluxe,5000,22250
sundarbans,3,3.2,12,summer,deluxe,5000,16398
sundarbans,3,6.6,7,autumn,standard,5000,12845
sundarbans,4,4.3,10,monsoon,deluxe,5000,14247
sundarbans,4,2.6,3,monsoon,suite,5000,19288
sundarbans,5,1.4,3,autumn,suite,5000,28593
sundarbans,3,9.3,6,summer,suite,5000,20905
sundarbans,2,1.3,11,monsoon,standard,5000,8146
sundarbans,5,2.0,8,autumn,deluxe,5000,21076
sundarbans,3,3.9,2,summer,suite,5000,24658
sundarbans,4,5.2,12,summer,deluxe,5000,20502
sundarbans,3,7.2,8,autumn,standard,5000,13725
sundarbans,4,1.7,11,autumn,standard,5000,12221
sundarbans,3,11.8,12,summer,deluxe,5000,18584
sundarbans,5,2.9,10,monsoon,deluxe,5000,13371
sundarbans,3,1.3,9,autumn,standard,5000,11694
sundarbans,4,5.9,4,monsoon,deluxe,5000,14339
sundarbans,3,8.8,12,autumn,deluxe,5000,20447
sundarbans,3,8.8,5,autumn,suite,5000,30486
sundarbans,3,6.1,6,winter,deluxe,5000,22992
sundarbans,4,10.6,1,winter,suite,5000,29959
sundarbans,5,1.7,11,summer,deluxe,5000,16611
sundarbans,3,7.7,1,winter,standard,5000,16757
sundarbans,3,5.0,4,autumn,deluxe,5000,18724
sundarbans,4,5.3,12,autumn,deluxe,5000,23400
sundarbans,5,1.1,2,summer,suite,5000,24817
sundarbans,4,5.7,4,autumn,suite,5000,26495
sundarbans,3,4.4,12,summer,suite,5000,21362
sundarbans,3,9.2,7,summer,standard,5000,13298
sundarbans,2,8.0,4,autumn,suite,5000,27103
sundarbans,4,2.3,8,monsoon,deluxe,5000,12891
sundarbans,3,4.1,2,autumn,deluxe,5000,17827
sundarbans,4,1.4,6,autumn,standard,5000,15185
sundarbans,3,3.4,7,autumn,standard,5000,13654
sundarbans,2,3.8,4,winter,suite,5000,28541
sundarbans,5,6.0,2,autumn,standard,5000,14486
sundarbans,5,1.8,4,autumn,deluxe,5000,21690
sundarbans,3,11.9,8,monsoon,deluxe,5000,16965
sundarbans,4,2.3,6,monsoon,deluxe,5000,14316
sundarbans,5,1.5,12,monsoon,suite,5000,16907
sundarbans,4,5.8,1,winter,suite,5000,32941
sundarbans,4,3.2,6,winter,suite,5000,30775
sundarbans,2,1.4,4,monsoon,deluxe,5000,12962
sundarbans,2,2.4,8,summer,standard,5000,12208
sundarbans,5,1.2,11,monsoon,standard,5000,10580
sundarbans,3,6.1,10,autumn,suite,5000,26471
sundarbans,2,0.9,8,autumn,deluxe,5000,18208
sundarbans,2,2.0,1,autumn,suite,5000,22049
sundarbans,3,0.5,8,autumn,standard,5000,13029
sundarbans,3,5.6,6,autumn,standard,5000,13806
sundarbans,4,4.0,1,autumn,standard,5000,14098
sundarbans,5,10.6,9,summer,suite,5000,31363
sundarbans,4,7.3,1,monsoon,standard,5000,11011
sundarbans,4,5.9,1,autumn,suite,5000,29306
sundarbans,4,8.5,6,autumn,deluxe,5000,20736
sundarbans,4,2.7,2,winter,standard,5000,13633
sundarbans,2,11.9,7,monsoon,standard,5000,11155
sundarbans,5,8.5,12,autumn,deluxe,5000,20921
sundarbans,2,5.2,3,summer,suite,5000,20773
sundarbans,3,5.4,9,autumn,suite,5000,26808
sundarbans,5,3.1,8,summer,suite,5000,27892
sundarbans,4,9.1,12,winter,deluxe,5000,26579
sylhet,2,4.5,8,monsoon,standard,2500,4965
sylhet,4,3.3,2,summer,deluxe,2500,9882
sylhet,4,7.5,9,monsoon,standard,2500,6598
sylhet,2,9.0,11,monsoon,deluxe,2500,7906
sylhet,3,8.4,12,monsoon,standard,2500,6921
sylhet,3,8.6,11,monsoon,deluxe,2500,8367
sylhet,3,5.3,9,winter,suite,2500,16582
sylhet,3,11.7,3,winter,standard,2500,10654
sylhet,4,5.3,4,summer,deluxe,2500,12873
sylhet,2,3.6,10,summer,suite,2500,10677
sylhet,2,2.7,9,autumn,deluxe,2500,9864
sylhet,2,3.8,6,winter,deluxe,2500,10438
sylhet,5,7.0,10,winter,standard,2500,10898
sylhet,5,3.8,10,summer,deluxe,2500,12972
sylhet,4,7.1,3,monsoon,deluxe,2500,10010
sylhet,4,6.7,1,monsoon,standard,2500,6994
sylhet,4,2.3,3,monsoon,suite,2500,11856
sylhet,4,1.6,9,autumn,deluxe,2500,11067
sylhet,2,3.3,11,monsoon,standard,2500,5735
sylhet,3,3.5,3,monsoon,standard,2500,6108
sylhet,4,5.8,1,winter,standard,2500,8788
sylhet,2,7.0,4,summer,suite,2500,14351
sylhet,2,4.9,6,winter,deluxe,2500,12507
sylhet,3,5.9,2,summer,deluxe,2500,11005
sylhet,4,4.4,4,monsoon,standard,2500,6119
sylhet,5,10.2,5,monsoon,standard,2500,7339
sylhet,4,11.8,5,autumn,standard,2500,9339
sylhet,2,6.1,6,autumn,standard,2500,6743
sylhet,5,6.9,8,winter,suite,2500,21136
sylhet,4,5.3,7,monsoon,suite,2500,13094
sylhet,4,11.6,1,autumn,standard,2500,8558
sylhet,4,11.1,5,autumn,suite,2500,17401
sylhet,3,10.1,1,monsoon,deluxe,2500,9352
sylhet,5,10.0,6,winter,suite,2500,20068
sylhet,5,3.7,12,monsoon,standard,2500,6768
sylhet,2,8.5,6,winter,deluxe,2500,11683
sylhet,4,7.7,7,winter,standard,2500,9384
sylhet,4,4.2,1,winter,deluxe,2500,12226
sylhet,5,5.0,11,winter,standard,2500,10315
sylhet,3,8.9,12,autumn,deluxe,2500,12105
sylhet,2,1.4,12,winter,standard,2500,8399
sylhet,5,5.0,2,autumn,standard,2500,10434
sylhet,2,0.9,4,winter,deluxe,2500,8803
sylhet,5,11.6,3,winter,deluxe,2500,16156
sylhet,3,9.4,9,winter,suite,2500,18854
sylhet,4,10.9,2,winter,standard,2500,11088
sylhet,2,11.5,6,winter,standard,2500,9264
sylhet,5,10.7,7,winter,deluxe,2500,16761
sylhet,3,7.6,6,monsoon,suite,2500,12961
sylhet,2,3.9,11,winter,standard,2500,9176
sylhet,2,8.4,8,summer,standard,2500,6233
sylhet,3,3.9,6,winter,suite,2500,15676
sylhet,2,1.9,4,autumn,standard,2500,7124
sylhet,3,2.5,5,autumn,standard,2500,6504
sylhet,4,2.8,2,autumn,standard,2500,8454
sylhet,4,1.0,7,autumn,deluxe,2500,8887
sylhet,2,9.8,6,winter,suite,2500,16268
sylhet,2,9.1,5,autumn,deluxe,2500,10364
sylhet,2,6.4,5,monsoon,deluxe,2500,7517
sylhet,2,3.1,5,winter,suite,2500,14052
sylhet,3,1.2,2,autumn,suite,2500,14446
sylhet,4,11.2,4,winter,deluxe,2500,15397
sylhet,4,10.9,9,summer,deluxe,2500,12216
sylhet,2,11.1,12,autumn,deluxe,2500,11382
sylhet,4,4.7,3,monsoon,standard,2500,5659
sylhet,4,1.8,11,autumn,suite,2500,15023
sylhet,4,4.3,3,summer,deluxe,2500,11159
sylhet,4,6.3,5,monsoon,standard,2500,6696
sylhet,5,6.3,6,autumn,deluxe,2500,15029
sylhet,3,10.9,5,winter,standard,2500,9524
sylhet,4,8.1,2,summer,deluxe,2500,12859
sylhet,5,9.0,10,winter,standard,2500,11907
sylhet,4,2.4,11,summer,standard,2500,8255
sylhet,5,9.8,9,summer,standard,2500,9775
sylhet,3,7.1,3,autumn,standard,2500,8292
sylhet,4,2.7,11,winter,deluxe,2500,14037
sylhet,5,6.8,8,autumn,suite,2500,17789
sylhet,2,10.8,3,summer,deluxe,2500,11264
sylhet,3,1.4,4,autumn,suite,2500,15490
sylhet,2,8.2,9,monsoon,deluxe,2500,8188
sylhet,4,8.0,8,winter,suite,2500,20682
sylhet,2,11.3,1,summer,deluxe,2500,9279
sylhet,3,6.5,4,winter,deluxe,2500,12107
sylhet,3,6.3,2,monsoon,deluxe,2500,8867
sylhet,3,6.3,8,winter,standard,2500,8643
sylhet,5,2.4,12,autumn,standard,2500,9212
sylhet,3,8.3,7,monsoon,deluxe,2500,8442
sylhet,2,8.3,3,summer,deluxe,2500,8684
sylhet,5,9.8,7,winter,suite,2500,22750
sylhet,5,6.1,6,summer,standard,2500,8567
sylhet,4,7.1,11,winter,standard,2500,10672
sylhet,3,8.5,12,autumn,standard,2500,8362
sylhet,5,4.2,11,winter,deluxe,2500,12624
sylhet,2,2.4,11,summer,suite,2500,11133
sylhet,3,11.8,12,winter,suite,2500,19281
sylhet,4,0.7,11,autumn,deluxe,2500,10244
sylhet,5,0.7,10,autumn,suite,2500,17135
sylhet,4,8.4,2,winter,standard,2500,8773
sylhet,2,4.2,10,summer,deluxe,2500,8605
sylhet,5,9.3,11,autumn,standard,2500,10102
sylhet,4,11.4,10,summer,deluxe,2500,12743
sylhet,3,3.9,2,summer,suite,2500,15801
sylhet,4,5.3,9,winter,standard,2500,9988
sylhet,4,7.3,7,winter,deluxe,2500,15017
sylhet,4,4.9,9,winter,suite,2500,15203
sylhet,3,9.0,3,autumn,standard,2500,9697
sylhet,2,11.1,2,monsoon,suite,2500,11916
sylhet,3,9.0,2,summer,deluxe,2500,10616
sylhet,4,3.5,11,winter,deluxe,2500,13209
sylhet,4,10.3,10,winter,suite,2500,19161
sylhet,4,8.5,11,summer,standard,2500,8877
sylhet,4,9.9,2,summer,suite,2500,17280
sylhet,2,8.7,9,autumn,standard,2500,7975
sylhet,4,4.4,5,summer,deluxe,2500,11609
sylhet,4,1.0,10,monsoon,suite,2500,11539
sylhet,4,8.6,1,winter,suite,2500,19878
sylhet,5,9.5,7,summer,suite,2500,16868
sylhet,5,7.5,2,winter,deluxe,2500,16077
sylhet,2,0.7,4,summer,standard,2500,6248
sylhet,5,1.2,10,monsoon,suite,2500,12340
sylhet,5,1.3,3,autumn,deluxe,2500,12431
sylhet,2,8.9,2,winter,suite,2500,18046
sylhet,4,3.5,6,monsoon,suite,2500,13041
sylhet,4,1.7,3,autumn,suite,2500,13142
sylhet,2,1.5,5,autumn,suite,2500,14000
