temperature,humidity,latitude,longitude,sos
28.0,57.8,23.50133,91.11796,1
34.9,58.7,23.8588,89.33281,0
28.9,75.0,22.75659,90.84613,0
32.9,90.6,24.1612,90.48124,1
25.3,76.4,24.389,90.25003,1
24.3,77.5,23.39499,90.77711,1
29.9,70.8,23.40697,90.30536,1
28.2,66.0,23.48034,91.34312,1
30.4,62.1,24.21575,90.72161,0
32.1,77.0,23.64162,89.50395,0
31.3,72.0,21.81578,92.15977,0
28.6,70.5,22.98512,90.23218,0
26.3,66.3,24.16477,90.10293,1
25.8,76.2,23.87894,89.81733,1
30.9,55.2,23.99346,91.04951,0
36.9,79.6,23.76557,91.18109,1
30.0,75.9,22.63925,90.9625,0
25.2,67.3,23.01948,90.42261,1
29.3,82.4,23.67925,90.44798,0
33.2,89.0,24.49517,91.75461,0
30.8,77.2,24.63705,91.25754,0
25.0,58.6,22.71883,90.64512,0
30.0,75.9,22.34426,90.37534,1
32.2,73.3,22.89009,89.69916,1
33.4,54.0,23.37491,90.79583,1
22.0,74.3,24.12308,90.2893,1
28.3,60.9,22.38633,90.74959,0
32.0,80.4,23.36829,90.5034,1
37.7,59.8,22.50235,90.75706,1
34.7,71.4,23.82089,90.03222,1
25.6,70.6,22.25335,90.82148,0
33.9,71.1,23.06498,90.80114,1
28.3,64.3,23.4532,91.50879,0
29.5,61.6,24.53744,90.87381,0
28.7,69.4,23.75961,90.49479,1
31.2,76.0,24.47154,89.05006,1
36.8,66.0,22.23482,89.91499,0
26.1,58.5,23.98476,90.07959,0
33.4,64.5,23.88687,91.27896,1
30.3,65.2,24.25502,91.50112,1
33.3,69.7,25.34035,91.11427,1
33.4,62.7,22.95668,91.14718,1
29.6,74.9,23.99461,90.97943,1
32.7,71.6,23.87305,90.26793,1
34.9,82.6,24.73362,91.03932,0
25.5,59.5,23.86488,90.7394,0
35.2,84.0,24.24209,91.10802,0
31.4,82.7,23.48726,90.74718,0
36.2,69.2,22.72472,91.32891,0
21.7,80.7,23.67549,89.80463,0
29.9,65.7,24.86388,90.9422,0
28.1,60.8,23.54963,89.48016,0
27.4,73.1,23.1549,89.79333,0
22.3,74.9,22.48823,90.68428,0
29.0,74.3,23.34151,89.66133,0
28.9,74.5,22.28594,89.3703,0
25.4,52.7,22.93373,90.66591,0
26.3,63.9,23.03386,89.66233,1
33.1,57.3,23.11968,90.94266,0
29.3,63.1,22.52965,90.89836,1
34.1,69.0,24.03303,91.18568,1
38.6,66.7,23.87234,91.20201,1
30.0,95.5,23.51764,90.70893,0
29.9,74.4,23.10119,89.95863,1
23.6,69.3,23.65508,90.68448,1
21.9,54.2,23.61358,90.17996,0
28.9,67.0,23.47381,90.88116,0
27.0,72.6,23.06064,90.00862,1
32.5,59.7,23.01999,90.05728,0
33.9,70.5,24.93509,90.74711,0
29.0,70.0,23.12445,90.36027,1
31.3,66.3,22.78805,90.2171,1
26.4,67.8,24.2241,90.09752,0
31.2,70.9,23.0522,90.18662,0
23.1,74.5,22.29506,89.96674,1
31.3,66.2,24.79746,90.59608,0
34.0,55.1,24.93565,90.60093,1
21.1,79.6,23.25952,90.48645,1
26.0,79.9,22.7984,90.30959,1
32.0,71.4,23.52049,89.8752,1
31.2,80.7,23.29275,90.16598,1
31.0,61.4,24.62792,91.14572,1
25.4,64.7,22.55282,89.59181,1
35.6,83.0,22.99537,90.7822,0
31.2,72.7,24.81442,90.23348,1
30.6,68.8,22.95209,90.77945,0
33.1,88.1,23.72306,91.78131,1
32.4,80.5,23.58301,90.01718,0
32.3,61.5,23.45122,90.12243,1
29.5,68.5,22.71312,90.95163,0
28.7,64.8,22.41605,90.14211,1
22.5,57.5,24.1352,91.66025,0
33.3,68.0,22.94153,89.15422,1
36.4,57.5,22.58875,90.95191,0
24.4,70.8,22.83054,91.32542,1
31.4,68.0,23.08855,89.58829,1
29.4,74.4,23.60752,90.54831,0
26.5,59.5,23.90057,90.40635,1
27.7,63.4,24.60047,90.62247,0
22.8,63.3,21.99111,90.74964,0
32.7,46.9,24.13289,89.93187,1
29.1,71.0,23.25398,91.95098,1
31.8,63.2,23.09728,92.22446,1
35.2,86.1,23.58927,89.73149,0
31.7,74.9,23.21101,91.72011,0
25.7,66.9,22.87031,89.69834,1
34.7,59.3,23.22294,90.31378,1
29.6,63.9,22.87816,90.41763,0
30.2,70.8,23.96848,91.04162,1
26.6,82.2,24.9042,91.16191,0
29.9,62.4,23.41236,90.34532,0
27.7,63.3,23.16264,90.65732,0
26.4,75.1,23.17023,90.44596,1
27.0,81.6,23.95027,89.97784,0
34.3,57.2,23.01811,91.14785,1
34.0,80.6,23.48654,89.57063,0
26.5,65.8,23.7805,90.23824,1
26.8,68.1,23.61091,90.02178,0
30.6,89.8,23.28949,89.65245,1
25.7,62.1,24.23652,90.89015,1
26.7,66.8,23.48596,90.88573,1
32.3,67.6,23.37426,91.00586,1
37.2,54.6,23.5333,89.42421,0
31.9,65.8,24.58685,90.54682,0
30.1,74.6,22.91275,90.33038,1
30.9,59.1,22.70949,91.51674,0
30.6,72.8,23.14531,90.60898,1
28.0,64.0,24.34351,90.41529,0
31.3,62.1,23.574,90.46338,1
29.7,74.2,23.46545,91.49298,0
32.1,59.4,23.99448,90.63123,0
30.4,68.3,23.61311,90.5154,0
34.4,79.9,23.46024,89.79186,1
32.7,48.5,24.48649,91.80228,0
31.2,76.1,23.55981,90.54735,1
28.2,67.2,23.44444,91.05922,0
36.7,54.6,23.85391,90.63461,1
37.1,73.9,24.11897,90.85978,0
35.1,70.7,23.43996,91.9661,0
33.8,79.5,22.96323,91.91533,0
25.0,55.1,23.5713,91.16889,1
30.4,57.4,22.89411,90.7456,0
42.0,69.2,23.3088,89.08537,0
27.4,67.9,23.24415,90.32167,0
26.3,73.7,24.31087,90.6493,1
31.0,50.5,22.99904,90.7801,0
20.6,77.9,23.33383,90.6549,1
31.1,69.3,24.25441,91.30852,0
30.3,68.6,24.28587,89.93252,1
27.2,75.7,23.21959,88.26761,0
35.5,68.7,22.51908,91.00629,0
26.6,90.9,23.5492,90.91307,0
30.7,67.3,22.70257,89.79751,0
26.0,71.6,23.46341,90.45691,0
28.6,70.9,24.20086,89.25775,0
33.1,59.9,23.28011,89.9927,1
23.2,82.3,23.11487,89.73486,0
36.8,67.9,23.58733,90.65987,0
26.6,57.8,23.53171,90.1826,1
32.5,54.6,23.70161,90.47639,0
36.4,79.4,24.16235,90.53801,0
33.8,85.7,22.66143,89.73619,0
24.7,76.3,22.71228,90.02564,1
39.5,76.6,23.11422,91.81738,0
36.4,67.5,24.60607,91.18221,0
36.8,59.3,22.71893,89.87431,1
26.5,75.9,23.87411,90.20066,0
28.3,78.9,22.74655,90.44473,0
27.1,70.8,24.24148,89.52498,1
32.1,74.3,24.49455,91.4884,0
33.2,52.4,23.26215,90.81795,1
28.4,66.1,23.96154,89.55809,0
35.6,71.4,24.4328,90.30145,1
34.3,80.9,24.94276,90.44187,1
31.0,60.1,23.57219,90.69598,1
28.5,81.9,22.97856,90.39408,0
18.8,66.4,22.28866,91.23194,1
27.5,83.3,22.61483,92.01915,0
34.2,63.9,23.25367,90.99441,1
18.2,74.0,23.57355,91.20488,0
28.6,65.8,22.70217,89.8693,0
25.3,95.6,24.62617,91.59017,1
29.3,57.6,23.28825,90.7793,0
30.8,51.9,22.62315,90.2439,0
31.0,68.7,23.20424,88.95223,1
21.5,73.1,23.67955,90.43321,1
28.8,60.5,23.30563,90.99729,1
30.1,74.1,22.69344,90.47212,0
33.7,73.9,23.79195,91.17621,0
34.7,72.6,22.78959,90.27643,0
28.1,61.3,23.17866,90.03238,1
36.2,70.2,22.84958,90.97706,1
30.1,72.2,24.16361,89.70373,1
33.4,69.0,21.4926,90.8118,0
31.3,57.3,24.00308,89.6701,0
27.9,81.2,24.32308,91.5393,1
31.6,65.6,23.64854,89.937,0
31.6,83.4,22.89755,90.19845,0
29.7,97.8,23.30152,90.69755,0
32.0,55.6,24.88943,89.56098,1
26.6,55.9,22.96876,89.75576,1
31.2,60.6,24.29495,91.1886,0
33.4,76.7,23.70001,91.04648,0
24.7,70.8,23.50074,90.65353,0
29.4,63.0,23.52276,90.49679,1
32.4,76.2,22.62314,90.3443,0
37.1,98.0,22.31781,89.79135,1
28.3,75.2,24.67598,90.13903,0
27.6,79.2,23.51835,90.35919,0
35.9,55.2,24.18672,90.38093,0
25.4,48.6,23.44499,91.4846,1
31.8,77.8,22.74253,90.99775,1
30.0,67.9,24.07402,90.61493,1
37.1,89.5,25.35049,91.60572,1
33.6,71.8,23.11562,91.38997,0
30.4,53.6,23.33693,90.65825,0
34.6,66.5,23.11386,90.27364,1
28.1,44.7,23.70109,90.30395,0
31.3,69.0,23.50229,91.13052,1
24.2,71.1,22.9312,90.73355,0
29.9,66.7,22.96708,90.89082,0
29.8,81.3,23.80736,89.03874,1
30.2,70.2,22.40839,91.47507,1
25.3,61.0,22.81667,89.28739,0
35.5,81.5,23.26286,88.96288,0
24.7,72.1,23.92632,89.91702,1
37.6,70.3,23.26719,90.35339,0
28.2,50.4,23.6392,90.81463,1
30.5,77.7,23.70551,90.13549,0
28.6,72.1,23.63513,90.03376,0
26.7,57.3,22.98477,89.60571,0
34.9,79.7,23.0887,90.39026,0
30.5,69.0,22.4311,89.88567,1
38.5,81.4,24.20006,90.21318,0
26.8,70.0,23.25363,90.22364,1
27.1,77.1,23.01033,91.07985,0
35.6,58.0,23.99521,90.48531,0
23.9,52.7,23.15399,90.57629,1
37.3,82.4,22.81804,91.25247,0
36.6,53.0,23.24203,90.34863,1
24.6,75.3,22.66337,90.09991,1
36.0,66.5,22.71669,90.59887,0
32.7,81.8,23.77911,90.56247,1
29.5,72.9,24.01118,90.09904,0
31.7,76.6,23.88516,91.10413,0
34.5,80.7,22.73274,90.81471,0
31.3,65.5,23.9208,91.03373,1
31.7,75.2,23.94592,89.9457,0
30.1,81.9,23.82278,89.42932,1
30.2,56.1,24.1102,91.52544,1
26.4,59.0,23.42158,90.31654,1
29.6,77.9,23.84242,90.33292,1
29.1,86.0,23.94846,89.992,1
30.7,57.4,24.06676,91.67335,0
25.1,64.4,24.00981,90.95342,1
29.6,57.2,22.32192,90.98397,1
25.8,50.0,23.72069,91.2688,1
27.9,63.4,23.46427,90.35664,1
29.4,69.1,23.72916,91.85649,1
26.5,62.9,23.49518,89.62212,0
35.9,82.9,23.91501,89.9386,0
33.6,58.7,24.48121,90.12533,0
35.0,74.7,22.55061,92.22121,1
36.3,67.5,23.05183,89.9599,1
26.2,72.1,24.08606,90.03405,0
31.6,78.5,23.38561,91.80162,0
31.0,66.6,23.14151,91.14307,1
30.8,76.5,23.2963,90.84534,1
31.4,85.5,22.88355,89.52137,1
27.6,77.9,25.53247,90.03052,1
24.3,66.8,24.83452,90.55778,0
27.1,61.9,24.21485,91.45526,0
27.4,66.1,23.71491,90.99206,0
28.7,83.6,23.96632,89.58642,1
30.8,71.6,23.56763,91.06583,0
26.3,68.4,24.69156,91.69904,1
25.1,72.4,23.51546,90.91434,1
28.3,75.2,23.25356,89.27019,0
27.3,56.5,24.07134,91.96636,0
30.5,81.6,22.27451,91.12391,0
23.5,85.0,23.72606,90.58596,1
29.1,67.1,23.33604,90.8294,0
29.1,65.3,23.30107,91.80989,1
28.1,76.7,23.35095,89.65355,1
31.6,66.4,22.26938,90.84983,0
33.4,77.4,22.71923,90.28783,1
28.9,78.0,23.20663,91.1269,1
31.5,70.4,23.36122,90.85805,1
27.3,74.6,23.7629,90.57123,0
29.2,85.7,23.40112,89.70161,1
32.5,91.1,23.63727,91.89637,1
24.4,79.0,23.85416,89.63736,1
28.2,45.1,24.9043,90.03104,1
28.0,76.1,23.77879,91.38841,1
20.5,53.8,24.27359,90.6485,1
33.5,76.1,24.34794,91.46135,1
38.8,80.9,23.21783,90.5913,1
41.1,88.4,23.08796,91.23769,0
35.0,78.7,24.11564,90.9638,1
30.9,63.0,23.12562,89.65618,1
31.2,74.5,23.06141,89.74982,0
29.2,64.5,23.26861,91.53744,0
26.0,59.7,24.1046,91.95892,1
23.2,61.3,23.14287,90.96857,1
32.6,63.4,22.48555,90.46125,0
30.3,77.8,23.59326,91.11307,0
25.2,68.2,24.99904,90.66224,1
24.4,62.4,22.91356,90.90324,0
29.9,68.7,24.21979,89.51163,0
26.7,75.0,23.83751,90.80376,1
26.7,57.2,22.31827,91.24092,1
31.9,56.8,23.20663,90.56579,0
29.5,52.4,22.42876,90.67014,1
23.4,65.0,23.52303,89.79681,0
26.3,66.0,22.12348,90.39591,1
29.6,65.2,22.97512,90.68622,1
27.8,80.1,23.39872,90.86827,1
28.9,51.6,22.82527,91.24384,1
27.6,53.8,22.65041,91.26238,0
26.6,86.5,23.20982,89.93762,1
38.5,71.7,23.52412,91.96553,1
24.5,67.9,24.03578,91.56336,1
31.0,82.2,23.87987,90.06054,1
29.2,58.6,24.64979,89.31529,0
27.9,65.6,23.70726,89.99393,0
31.2,70.3,23.1935,90.65649,1
33.1,87.4,23.27195,90.2958,1
30.6,58.9,23.42684,89.96189,1
26.6,82.3,23.79779,91.10039,0
29.4,58.0,24.01477,91.03694,1
26.5,77.2,23.31774,89.91526,1
27.6,88.3,23.49599,89.59903,1
30.9,71.2,24.28125,90.12181,0
32.8,64.1,22.66984,91.22259,1
25.3,78.1,24.22515,89.85634,0
29.1,78.5,22.90086,90.81307,1
24.5,73.2,22.53879,91.29645,0
30.3,71.0,24.23953,90.47681,0
27.3,65.3,22.80024,89.27294,0
33.0,79.0,23.703,90.30596,0
31.7,78.4,23.52656,90.26814,1
31.1,77.3,24.12258,90.14849,1
25.7,83.6,24.19369,90.24128,0
30.8,82.1,24.78346,90.2959,1
27.4,70.1,23.27568,90.16114,1
28.4,68.6,23.49964,90.06832,0
23.2,73.7,23.89261,91.84653,0
29.5,79.2,22.87879,90.2621,1
31.0,67.4,23.4307,90.48124,1
26.9,76.4,24.0116,90.79956,0
28.5,62.1,22.61248,89.63906,1
21.3,81.1,25.34932,91.74509,0
32.2,67.1,24.25668,90.16315,1
34.4,59.7,25.01368,90.86346,1
32.5,67.0,22.98813,91.63943,0
25.9,83.5,23.11733,90.00737,0
28.3,60.4,24.11626,89.67951,1
19.2,60.8,22.51349,90.87232,1
28.8,73.1,22.92005,90.26534,0
37.3,69.7,24.23389,91.77169,1
26.3,57.4,23.07516,91.78326,1
33.7,69.6,23.55053,92.04991,0
29.3,71.5,22.4148,91.28899,1
26.5,59.9,24.53069,91.23063,0
25.7,74.0,22.80543,90.36989,1
30.9,95.3,22.11065,90.71784,0
30.7,94.7,24.28939,90.78824,0
28.3,58.9,24.85749,91.11124,1
27.5,72.6,23.56421,91.17697,0
29.4,51.8,23.47891,90.88432,1
26.6,55.5,23.18254,91.51103,0
23.7,70.3,23.43403,91.20399,0
26.8,68.1,23.95309,90.41361,1
26.6,80.8,23.3979,89.80529,0
25.6,87.9,23.31749,90.44071,1
31.2,86.0,23.48186,91.44459,1
33.7,68.8,23.54804,90.86529,0
31.7,73.2,24.1673,89.78114,0
33.8,76.4,23.77155,91.23121,0
20.7,78.5,22.86534,91.64101,1
29.4,68.1,23.35417,89.65194,1
29.3,73.9,23.79605,90.1739,0
34.7,82.8,21.60355,91.31099,1
26.2,84.4,23.681,90.0125,1
26.1,52.1,23.39874,90.26943,1
35.4,50.4,23.06931,90.66197,1
28.9,71.9,23.20171,89.77134,0
33.0,62.0,24.20015,88.92168,0
34.0,70.0,23.18851,89.66952,0
25.2,62.5,23.31267,91.33572,1
34.6,65.3,24.62083,91.00071,1
28.1,54.9,24.88686,89.89735,1
38.8,84.2,23.09644,89.77759,1
30.1,83.0,23.5844,91.71437,1
29.3,74.5,25.13594,90.89487,1
22.4,71.8,24.65292,90.56786,0
31.0,59.2,23.40729,91.08316,1
24.1,75.3,24.49359,89.23418,0
29.1,66.0,23.70014,90.39546,0
21.5,67.5,23.78765,89.75487,1
29.3,57.5,24.8134,90.75315,0
27.8,68.5,22.98976,89.94149,0
34.0,79.7,22.56967,91.439,1
33.1,76.4,23.36725,90.40796,0
31.5,85.0,24.17911,90.05289,1
26.9,70.4,22.69621,88.52506,0
32.3,80.3,23.23173,89.1708,1
31.9,73.5,24.36579,90.8106,0
32.3,78.2,23.15169,90.73838,1
26.5,65.6,22.82311,90.30292,1
33.5,84.8,22.07456,89.93286,0
33.4,80.8,24.25348,90.46547,1
32.2,77.3,22.54107,90.3149,1
26.0,86.7,22.89811,89.3326,0
25.5,71.8,23.60688,90.06473,0
27.9,83.6,22.7357,89.8157,0
29.4,79.0,23.64115,90.38571,0
26.5,60.7,23.58315,89.56676,0
33.3,66.4,23.69922,90.542,1
28.6,71.2,22.69234,89.73213,0
26.8,87.5,23.04887,90.60689,1
28.9,73.9,24.11691,90.57107,0
36.3,72.5,23.14603,90.00421,0
23.9,82.6,22.68909,91.086,0
33.0,75.4,23.54351,90.33898,1
32.7,85.1,23.30296,91.59889,1
34.3,81.1,22.85406,90.37479,1
29.1,80.4,23.07334,90.7668,0
21.4,69.5,24.10753,90.27424,0
29.1,58.3,23.67756,90.57334,0
22.3,70.5,22.76254,89.77479,1
33.5,70.7,22.90554,90.66335,1
32.8,76.6,23.08904,90.54894,0
28.6,84.5,23.79667,90.08159,1
29.1,73.8,23.96279,91.02088,0
35.0,74.5,22.86863,90.14243,1
23.6,87.7,24.83011,90.33927,1
29.7,72.1,21.86833,91.27523,0
31.3,64.0,22.8391,91.15745,1
34.5,79.0,22.09921,89.57344,0
33.6,63.4,23.34716,91.94284,1
35.6,73.8,23.21279,90.65743,1
30.9,64.3,23.67267,89.92938,0
35.5,83.6,22.80413,90.69267,1
27.4,80.6,23.46772,89.63737,0
34.9,67.8,22.74746,89.53586,0
30.8,63.7,24.20758,90.65325,1
26.2,58.4,23.30061,90.19666,0
31.4,60.8,24.18438,91.74913,0
26.5,71.6,24.61509,91.04209,0
29.0,58.3,23.46455,90.33125,0
28.9,62.8,23.72359,91.18736,1
36.9,58.7,22.24684,89.88996,1
29.3,78.6,23.26816,90.37341,1
27.8,56.1,23.67038,89.09025,1
27.3,96.5,22.84497,89.23998,1
31.2,69.2,24.20443,89.74117,1
32.3,52.0,23.3052,89.33275,0
34.6,70.8,22.91704,92.1005,1
31.8,65.2,24.34321,91.09026,1
32.9,53.5,22.98357,88.62624,0
23.3,56.4,23.77837,90.71846,1
31.7,91.7,23.91778,90.89326,1
28.5,61.6,23.40277,90.40432,1
30.4,64.7,23.83095,90.98522,0
16.8,76.2,22.52285,90.3069,1
32.6,56.5,23.25033,92.59681,0
27.8,71.6,23.76414,89.81881,1
32.7,61.1,23.87656,90.80657,0
26.3,65.6,22.59969,90.09702,0
35.9,55.6,22.65285,90.20403,1
27.3,74.1,24.52329,90.66835,0
33.1,74.0,23.76404,90.24557,0
35.1,75.2,22.88487,90.70487,0
31.0,64.1,23.00529,90.93104,0
32.4,70.4,24.55091,90.95574,0
31.7,75.6,23.45024,89.11556,0
31.4,61.7,24.29349,89.67781,0
29.0,65.2,22.75885,90.83583,0
29.4,67.4,25.00668,89.23968,0
30.8,96.6,25.34612,91.01696,0
27.0,75.3,23.46532,90.65539,1
29.8,47.5,23.95871,90.85945,0
25.6,58.3,23.61887,90.52055,1
27.6,60.7,23.73925,90.41622,0
26.8,76.8,23.34125,91.04234,0
33.9,80.8,24.14278,89.94123,0
30.5,62.9,23.32409,90.54434,0
28.0,70.9,23.72825,89.30326,1
31.5,70.0,23.89872,90.81075,0
33.7,85.6,24.64798,90.44953,1
28.8,84.0,23.70425,90.07157,0
31.1,66.8,21.83388,90.37549,1
25.3,75.2,22.84857,88.79049,1
26.1,70.9,24.38066,90.90476,1
28.7,83.4,23.13239,91.04016,0
30.7,67.5,23.36755,90.38076,1
27.3,63.8,23.3548,90.04768,1
33.8,62.8,23.35483,90.56661,1
23.2,56.1,23.09985,90.96473,1
30.1,71.8,25.04487,90.9543,0
31.1,59.1,23.30729,89.57041,1
31.2,66.9,23.65161,88.31476,0
26.0,80.0,22.99979,91.5545,1
24.9,65.3,23.75359,89.98154,1
28.9,66.8,22.91756,91.25472,0
35.6,70.0,24.1105,90.25175,0
29.9,62.4,23.43772,89.88346,0
34.0,83.3,23.84974,90.96244,1
26.1,57.6,23.48657,89.96487,1
34.3,90.9,23.48583,90.90567,0
21.5,73.1,24.3192,90.19569,0
36.1,69.1,22.44644,89.80447,1
30.0,90.3,23.21836,91.3107,0
35.2,68.2,24.91487,90.29415,1
34.6,62.1,23.70548,90.22552,1
34.8,77.3,22.701,90.67456,0
34.6,86.6,23.04253,90.0126,1
32.5,75.3,23.67845,89.95089,0
27.4,82.0,23.37616,90.0752,1
30.3,79.3,24.12047,92.01217,1
27.3,61.1,22.96542,90.90001,1
25.8,77.6,24.1403,89.91115,0
29.5,61.8,23.1998,90.60382,1
31.9,59.7,22.56574,89.67443,1
27.7,77.0,22.66,89.8448,1
27.0,81.8,23.98636,89.01775,0
30.0,68.0,24.72001,89.42274,1
21.6,84.9,23.10943,88.77913,0
32.5,77.0,23.66252,89.93032,1
32.3,79.6,24.21564,90.50166,1
34.3,62.3,23.14675,90.62637,1
27.4,73.6,23.17976,90.78199,0
33.9,73.2,24.03048,91.81479,0
31.8,65.0,23.90316,90.902,0
32.5,60.6,24.09572,91.36209,0
30.1,56.3,23.6275,90.98343,1
37.7,68.4,23.75653,89.94761,0
31.5,76.6,23.4782,91.66744,0
31.2,87.0,23.12037,90.79883,1
29.2,75.5,23.40265,90.77448,1
30.0,80.7,23.5408,89.99584,0
29.6,85.8,23.76046,91.06584,0
32.0,81.2,23.47622,91.86366,1
30.7,68.0,23.29851,91.99745,0
26.6,74.7,23.31604,89.59041,0
31.8,64.1,24.55359,88.86889,1
34.7,62.4,22.94871,89.9497,1
23.7,47.0,24.11381,90.94157,0
32.0,71.3,24.49105,90.08688,1
27.4,74.3,23.70967,89.94898,1
27.3,76.8,23.73688,90.91142,1
27.1,76.0,23.65744,89.30307,1
31.2,58.2,23.79703,89.25326,1
33.6,66.2,24.26748,90.88608,0
29.2,70.1,22.61861,89.54842,0
27.7,73.7,24.00463,89.67787,1
29.2,68.7,23.26833,91.05063,1
30.2,65.0,22.77042,90.43847,1
24.0,71.7,23.83933,89.03964,1
33.0,70.7,23.46599,90.83969,1
25.9,64.6,24.85004,90.08911,1
27.3,80.2,23.63625,90.9273,0
35.8,66.2,23.65316,91.5777,0
21.6,62.4,23.6842,90.12855,0
26.9,81.2,23.85537,89.01686,1
30.8,56.1,23.05353,89.60801,0
27.9,78.8,22.50826,91.36735,0
26.4,72.8,23.53973,91.14454,0
40.7,58.6,23.18817,90.47069,0
30.1,69.0,22.74026,89.34702,0
31.7,78.3,24.24801,91.16661,1
39.4,57.9,23.46249,90.14473,1
33.3,59.7,22.95209,90.38596,1
31.4,65.7,23.33166,91.00657,0
33.3,65.0,24.107,89.81012,0
23.8,70.3,22.85414,89.59203,0
30.1,77.8,23.54393,89.77441,0
32.0,73.7,24.46989,90.94309,0
32.2,67.3,25.78126,90.7919,1
28.5,70.7,22.5263,90.63318,1
27.2,59.3,23.53059,89.69892,0
25.2,62.5,23.367,90.8016,0
32.8,79.6,23.71208,90.65759,0
34.3,64.6,23.75508,89.09346,1
29.8,65.0,24.9338,90.29453,1
33.7,76.6,22.61647,91.03129,0
26.3,84.9,24.05952,90.09595,1
23.5,65.3,23.13478,89.51686,0
29.7,62.6,22.99152,89.71953,1
29.9,79.6,24.32367,91.4173,1
37.2,73.8,23.16863,90.08099,1
32.8,58.7,24.76662,90.72734,1
24.1,74.9,24.42057,89.87376,1
25.2,81.5,22.24059,90.90671,1
29.4,57.2,23.96118,90.92467,1
28.4,63.3,23.84995,90.42172,1
23.1,58.7,23.11801,90.72423,1
30.5,84.7,24.25791,89.91934,0
29.4,86.1,23.25213,90.65917,1
31.7,59.0,21.15089,90.15173,0
28.6,56.1,24.21071,90.6124,0
33.9,63.3,24.28538,89.03949,1
33.2,70.9,24.22713,91.76452,1
29.8,72.0,23.77761,89.32731,1
25.5,69.2,22.16434,90.42364,0
28.7,80.9,23.3685,90.61982,0
36.2,63.9,22.80212,90.00965,0
27.5,81.8,23.83397,91.39494,0
30.5,63.7,23.03387,90.57762,1
28.5,73.8,24.03214,90.64721,0
27.2,79.0,23.16347,91.26728,0
33.8,68.6,22.50613,90.03073,0
32.9,91.9,23.27964,91.52888,0
33.9,68.5,24.03454,89.65096,0
22.1,73.5,22.04384,90.74568,0
27.1,73.3,23.47255,90.48494,0
35.7,66.4,23.49298,90.57433,0
29.8,66.4,22.30168,90.41408,1
29.5,62.3,23.03633,90.51758,0
24.5,88.2,22.48471,92.17757,0
27.1,66.7,22.37338,89.92831,1
31.7,64.2,23.01401,90.20482,1
30.6,73.6,22.93973,90.81831,0
37.3,73.2,22.76178,91.19589,0
31.0,76.1,23.79167,91.20124,1
30.1,86.6,23.6681,88.71193,1
24.2,72.9,22.28089,91.77429,1
39.4,61.3,23.48798,89.60282,0
26.1,73.7,23.73215,91.88756,1
34.8,66.9,22.84196,89.49121,0
25.3,62.0,22.38534,91.14179,0
36.2,57.3,23.23149,91.15859,0
27.1,75.8,23.80451,92.74353,1
25.3,81.5,23.37896,89.96458,0
21.1,80.3,23.2072,90.51329,0
35.2,77.1,23.00571,89.76651,0
34.6,69.2,23.30472,89.84505,1
33.6,61.5,23.7548,90.68813,1
40.5,64.5,24.54569,89.73131,1
34.2,82.5,22.57093,90.68834,1
33.2,75.3,23.49375,90.40877,1
23.8,62.2,22.1603,91.08657,1
31.5,89.8,22.44594,89.90561,1
29.7,72.2,24.29621,88.82167,1
27.4,79.5,23.30437,91.36057,0
31.9,56.7,24.0214,91.04192,1
33.3,60.2,23.70067,89.75675,1
32.2,77.8,22.622,90.19546,1
25.9,62.4,24.01302,92.37922,0
29.8,60.3,24.01344,90.84827,1
23.2,57.0,22.69869,90.26583,1
26.3,62.4,24.59997,89.77341,0
24.3,75.6,24.90972,89.0689,1
31.8,74.6,22.98049,90.23176,0
37.8,72.0,22.63431,91.35611,0
25.7,65.1,22.77698,90.13769,0
26.8,57.7,23.2254,89.96875,1
26.2,79.7,23.32955,91.31917,0
29.1,65.9,23.32521,90.20451,1
34.3,71.5,23.00238,90.1533,0
31.7,74.5,24.55097,90.5485,0
42.7,56.2,23.37306,90.71064,1
33.6,61.4,23.36618,90.39853,1
29.9,73.2,25.38705,91.11494,0
30.5,62.1,24.56227,90.50037,0
28.4,64.7,24.4313,90.91748,1
27.8,69.4,22.95972,90.47283,1
23.9,62.5,24.07864,90.25353,1
28.3,71.1,24.36564,90.66079,0
28.2,76.4,22.62131,90.30714,1
30.6,74.2,22.96207,91.03868,0
27.1,64.4,22.26392,92.06431,1
31.9,66.7,22.562,90.64381,1
27.9,62.1,23.65114,91.2138,1
26.7,70.4,23.46754,90.88889,0
30.8,65.6,23.57868,90.24319,0
29.4,69.3,22.18008,89.13874,1
42.1,85.3,23.57072,90.92118,0
26.4,64.8,23.47319,90.80901,0
33.5,59.5,23.41058,90.18869,1
29.6,71.4,23.17334,89.45041,0
40.1,71.0,22.11282,90.14293,0
32.8,77.4,23.36211,89.76267,0
26.6,69.8,25.05956,89.51634,0
31.8,67.7,24.05155,91.13356,0
22.0,69.1,23.34357,89.73549,0
28.3,83.3,23.60001,90.93608,0
32.4,70.2,23.96731,91.06655,1
34.1,77.9,23.99859,90.52681,1
31.2,63.3,24.35623,89.84987,0
28.4,80.7,23.33374,90.85929,0
33.1,68.2,22.98232,90.46647,0
24.8,72.3,22.98709,90.62892,0
30.7,71.9,25.12496,90.94462,1
31.9,62.7,24.29625,89.47474,0
28.5,68.5,23.03148,91.22564,0
28.8,73.9,21.91603,91.01237,0
33.6,73.9,23.98536,91.89357,0
31.1,64.4,24.40978,90.16576,1
30.5,72.1,22.96943,89.66724,1
34.5,82.3,23.38967,89.69594,0
36.7,55.7,23.25522,90.69882,1
34.1,65.4,23.18594,90.94534,0
27.0,67.9,23.10848,90.01418,0
27.7,57.5,24.61674,90.13283,1
27.0,63.4,24.15167,89.25853,0
33.6,65.9,23.4745,91.25916,0
34.4,73.9,23.93784,90.56905,1
30.6,62.3,23.67932,90.52441,0
28.7,68.2,22.93822,90.31731,1
30.7,52.4,24.32323,90.10933,1
24.1,56.9,22.37401,90.87572,1
29.4,60.8,23.61428,91.79644,0
22.0,62.6,24.89234,91.54342,1
30.0,60.7,23.77652,91.62704,0
26.9,73.3,22.38216,89.60942,0
31.5,55.1,22.39413,89.97787,1
29.9,79.4,24.44841,92.17649,0
30.9,70.7,22.95472,91.12741,0
32.3,54.9,23.76311,90.98097,0
28.4,85.5,23.04749,91.43809,1
24.0,64.8,23.09915,89.95128,0
29.3,68.3,23.74423,90.36092,1
28.2,65.4,23.94373,91.51599,0
35.4,81.4,23.51145,90.36878,1
24.5,79.2,23.07435,89.79152,0
22.4,67.0,23.59163,90.90842,1
26.9,73.3,23.5818,90.08264,1
32.1,75.4,24.37149,90.14932,0
32.3,70.2,23.51077,91.78312,1
29.1,68.9,22.37216,90.06556,1
30.6,70.1,23.24133,89.23352,0
26.1,69.8,22.12871,92.52379,1
33.8,58.3,23.07727,89.47775,0
28.9,68.5,22.83297,90.29106,0
33.0,52.5,22.2551,90.02751,1
26.3,75.5,23.81454,90.47663,1
29.6,67.5,23.24793,91.66238,0
30.7,72.8,23.33187,91.30007,1
22.3,63.2,23.08432,90.38131,0
30.3,54.5,24.10709,89.02888,1
28.6,80.7,23.22256,91.4047,1
29.2,61.3,23.81809,89.47533,1
33.1,89.1,24.73365,90.91412,1
27.9,86.6,24.48606,90.66484,1
30.2,91.9,23.72049,91.28345,0
26.3,60.5,24.16993,91.65357,0
32.1,73.4,23.33178,91.17409,1
27.1,71.2,23.86581,89.93554,0
31.2,74.7,23.28442,89.61764,1
28.9,79.4,24.0964,89.47251,0
34.6,86.4,23.49805,89.59197,1
28.6,67.2,23.54957,91.17011,1
32.9,54.1,22.40423,89.78357,0
34.2,56.7,23.68899,90.37348,1
28.0,59.1,23.43718,90.63179,0
26.8,74.8,23.79614,89.39359,1
29.1,74.2,22.66335,89.8834,1
29.0,84.6,23.78754,91.1068,0
34.7,63.7,23.93285,90.86047,0
36.9,67.7,23.42197,89.38762,0
28.7,80.7,25.02627,89.76141,0
27.2,71.8,24.44617,91.17909,1
20.7,79.1,22.74251,89.53978,0
26.3,83.2,23.05186,89.64486,1
25.4,55.9,22.68997,89.85498,0
28.5,79.3,24.33994,90.46841,0
29.6,71.0,23.34636,91.02412,1
23.7,60.7,22.20706,90.71657,1
28.2,55.9,23.30117,89.64168,0
28.1,63.4,23.28846,91.5474,0
33.2,66.6,23.83058,90.03592,0
32.6,68.0,22.75477,90.45175,1
28.5,77.0,24.70251,90.53676,0
35.3,72.8,23.61916,90.37856,1
40.2,75.0,23.12911,90.5388,1
33.6,72.3,24.41509,90.42878,0
33.2,66.9,24.16752,91.68016,1
31.0,66.3,23.35652,90.42971,1
22.0,60.9,24.3103,90.80621,0
28.2,76.5,22.71272,89.56045,1
27.8,80.6,23.66042,90.12468,0
27.0,64.4,23.47673,90.82639,1
29.7,70.6,23.51736,90.4325,0
31.8,72.8,22.66677,89.92727,0
31.6,51.1,23.00039,90.4125,0
35.9,64.1,23.9588,89.37801,0
37.0,38.3,22.68386,90.93294,1
22.0,72.5,24.34894,90.81492,1
28.7,77.6,24.30696,89.31157,0
28.6,74.2,23.7939,89.61355,1
23.3,67.2,23.21427,92.06273,1
23.3,69.8,24.18566,90.45514,1
28.6,71.8,23.8578,90.0342,1
28.0,71.7,23.49695,90.12002,1
35.1,72.5,25.16443,91.25848,1
39.0,63.4,23.54687,90.21811,0
30.1,72.3,23.08226,91.41155,0
33.5,67.9,24.07875,90.58782,0
30.7,76.8,25.29939,90.03819,0
29.7,72.3,22.94989,90.63294,1
29.1,55.1,24.48549,91.24394,1
27.2,82.8,23.42658,90.47267,0
36.9,75.9,23.9199,90.14203,0
35.1,59.1,23.59426,91.54322,0
37.6,85.3,24.53597,90.23108,1
30.1,64.0,22.95305,89.82685,0
31.6,61.4,22.81151,90.72666,0
33.9,66.8,23.38524,90.07728,1
27.2,80.6,23.46255,90.2732,1
32.9,72.2,23.76132,90.39423,1
27.9,59.7,24.26424,89.6046,0
23.0,73.9,24.01949,91.45808,1
36.8,77.2,22.87996,89.88495,1
29.0,61.0,23.05292,92.29991,1
39.9,71.5,24.48521,90.71749,1
32.8,63.5,24.0609,90.20518,0
32.8,75.9,23.2546,90.70912,1
36.7,63.3,24.20145,89.88865,0
35.9,44.6,23.05146,89.90109,0
27.1,70.5,23.47168,90.05486,0
29.1,63.3,24.15901,90.29641,1
27.0,61.1,23.78221,91.66526,1
28.9,72.1,24.00515,90.89109,0
34.1,62.2,23.33208,89.64472,1
28.3,83.5,22.8932,91.70389,0
28.7,62.0,23.54165,90.86425,0
25.2,77.7,24.48294,90.41861,1
31.4,71.3,23.7378,91.6146,1
30.5,78.5,22.91741,90.96663,1
33.7,71.0,23.2356,90.80947,1
33.7,57.3,24.07545,91.24704,1
25.5,74.8,22.30813,89.94551,1
29.9,75.3,23.36396,90.96429,0
29.5,71.7,22.78702,89.94651,1
31.4,75.0,24.25442,89.8467,1
29.8,48.1,23.9639,89.81734,0
27.0,59.6,22.74789,89.786,1
29.1,70.8,23.73135,90.63773,1
31.3,79.9,23.68693,89.854,0
38.0,57.5,22.32989,90.33304,1
35.9,46.2,22.46778,89.71113,0
31.4,78.0,23.62712,90.3407,0
22.7,92.6,23.30984,89.97153,0
30.2,85.5,23.85719,90.60712,0
29.5,57.9,23.02308,91.57672,0
32.3,80.4,23.01623,90.28311,1
31.4,63.8,24.07433,90.36543,0
28.8,82.0,23.32929,90.1438,1
30.6,88.7,23.40823,90.92057,1
30.6,89.7,22.12538,89.73885,1
34.6,70.8,23.52363,90.09429,1
33.7,69.6,23.18956,89.88373,0
28.1,66.7,22.67036,91.02725,1
25.2,68.3,24.4679,89.78726,1
33.0,57.2,23.67978,91.07341,0
23.5,71.9,23.74339,91.44489,0
33.7,78.9,21.9278,90.85788,1
30.6,61.2,22.75573,90.89125,1
38.6,70.9,24.20542,90.57889,0
25.5,77.7,24.88621,90.87042,1
33.1,75.0,24.04347,90.59368,1
23.1,83.3,22.83063,91.96268,0
31.7,62.7,23.54976,89.50349,0
25.5,57.2,23.94998,90.43101,0
29.2,85.4,23.21719,90.67238,0
26.9,60.3,23.78019,90.12223,1
33.6,64.4,23.68995,91.65006,1
27.5,80.6,25.00329,89.68939,0
32.9,80.3,24.59588,89.87731,0
28.9,84.3,23.94516,90.04267,0
31.3,64.7,24.39105,89.79859,1
34.6,77.5,23.26599,91.03116,1
25.2,75.2,23.56382,90.15636,1
29.8,70.0,23.23026,90.87325,0
25.0,79.8,23.24229,91.00467,1
26.4,62.4,23.52259,91.57223,1
29.5,72.4,24.53592,90.306,1
32.5,79.3,23.17124,91.63697,0
29.5,66.4,24.55101,89.80272,1
25.7,76.1,23.21359,91.53809,1
28.6,65.4,23.52255,91.06668,1
31.1,62.5,24.31952,90.85133,1
31.5,63.4,22.10159,90.16473,1
29.3,59.9,22.78765,90.52557,0
36.4,65.4,23.28255,90.85347,0
23.7,55.2,22.4459,90.5435,0
29.2,75.6,24.57877,91.29331,0
31.2,81.2,22.8851,90.59058,1
36.3,78.4,22.52211,90.76825,1
37.4,70.9,23.3632,90.65761,0
29.2,63.4,22.4699,90.37937,0
29.0,84.6,23.29759,90.71218,1
33.6,64.7,23.67481,89.57838,0
30.3,84.3,23.78693,90.09534,1
28.3,64.8,23.54615,90.23759,1
33.9,66.3,24.71008,90.19546,1
31.7,66.8,23.36712,91.32051,0
26.8,66.3,21.83379,89.54333,1
26.3,60.3,23.24533,90.92365,1
30.6,74.1,23.34344,89.70236,1
26.5,68.6,22.58786,91.51525,1
30.8,58.8,23.39231,91.04125,1
34.8,60.2,22.87304,90.94868,1
27.5,88.8,23.46252,90.74784,0
33.1,84.7,23.63553,90.39366,1
37.5,91.7,23.44862,90.80546,1
23.8,68.5,23.35583,91.08329,1
26.2,71.4,24.2629,90.91478,1
28.4,55.4,23.50071,90.73424,0
28.3,54.7,24.18519,89.71447,0
33.8,67.3,22.76471,91.53648,0
33.2,81.3,23.94265,91.11597,1
31.2,68.3,23.58878,90.0597,1
24.7,70.5,22.26158,90.9481,0
29.8,74.3,23.02433,90.30368,1
30.7,67.0,24.09579,90.80727,1
33.7,51.1,23.52737,89.49133,1
30.2,62.1,23.40397,90.04834,0
35.1,69.4,22.96746,89.67808,0
27.0,61.7,24.1275,91.63118,1
31.3,66.3,23.15802,90.30586,0
24.7,70.5,23.51567,89.3834,1
28.5,88.4,24.00634,91.40179,1
29.7,60.5,22.98834,91.04193,0
28.5,61.2,23.39924,90.04382,0
27.3,60.8,24.00683,91.16915,0
31.3,77.5,24.41041,90.00035,1
27.7,73.4,24.06098,89.74751,1
30.0,59.1,22.95198,90.91089,1
34.5,70.7,22.47003,91.19829,1
32.9,70.6,23.75969,89.90126,1
34.5,71.7,23.51977,89.85884,0
32.8,62.9,22.26542,91.6326,0
36.4,83.5,23.41522,90.81206,1
25.8,66.7,23.1829,90.37474,0
30.7,67.6,22.95797,90.20595,1
35.1,73.1,23.23146,90.9853,0
29.9,61.7,23.40288,91.13861,1
30.7,74.9,23.88161,90.86116,0
33.8,55.1,24.47744,90.72948,0
29.7,80.2,22.61257,90.63895,1
35.7,66.1,23.20922,89.4566,0
38.2,71.9,24.38396,90.22729,1
25.2,69.3,23.7855,90.38158,0
28.3,63.5,24.40524,91.11552,1
25.6,76.3,23.85242,91.73601,1
32.0,70.4,22.88415,90.6665,0
33.2,80.4,22.86155,89.01398,1
21.0,77.8,24.7778,90.72431,0
26.5,86.6,23.89522,91.36576,0
29.2,71.2,22.82567,90.61791,1
28.6,67.3,21.98514,91.27843,0
27.7,83.6,24.26746,90.62999,1
34.2,70.3,23.14256,89.36799,0
28.9,78.6,23.77336,91.17136,0
32.1,73.1,23.69855,90.25406,0
34.0,60.7,24.15514,90.68986,0
27.6,48.8,23.23857,90.32269,0
30.0,75.1,24.83269,90.56331,0
31.3,60.3,22.60684,91.16084,1
33.1,69.4,23.74454,89.95792,1
26.4,79.2,24.06175,90.87553,1
31.3,86.5,24.60884,91.08733,0
32.8,47.6,24.02441,89.96837,0
33.9,56.5,24.02397,91.29592,0
31.4,86.1,24.01469,90.56364,1
24.3,91.0,24.01136,90.76787,1
31.5,63.1,23.44989,91.51966,0
27.5,69.6,22.66235,89.48672,0
29.3,75.7,23.45472,90.53814,0
28.5,50.3,25.20998,89.92181,1
28.5,73.3,23.15159,91.76264,1
27.6,78.7,23.21909,91.05544,1
37.6,82.1,23.0429,91.20907,0
29.2,71.6,22.68364,90.83013,0
30.1,83.7,23.21389,90.53819,0
28.4,78.4,22.11754,90.65776,0
30.8,67.0,23.81437,92.00029,0
31.9,56.3,23.39364,89.80943,1
27.9,59.2,22.74271,91.05455,0
33.9,74.5,23.00191,90.01037,1
31.8,67.4,23.60011,90.20052,0
29.1,48.8,23.50952,91.43589,0
24.5,69.4,22.83027,91.31006,1
33.4,62.5,21.80503,90.41232,0
27.5,84.6,24.08628,90.22681,0
27.0,72.4,22.92768,90.14288,0
29.3,81.7,23.9452,90.31991,1
32.0,70.1,22.72305,90.48817,0
27.2,80.8,23.59845,90.79921,0
29.0,75.6,24.20703,90.42709,0
36.2,79.4,23.37148,91.04932,0
24.5,56.0,23.6983,90.93786,0
25.1,82.3,24.25393,88.84937,0
29.1,79.0,23.72759,90.17488,0
33.5,75.6,23.30228,90.88007,1
31.0,65.8,23.23913,90.30682,0
36.6,57.7,22.84722,90.76581,1
36.5,70.4,23.47674,89.534,0
28.4,68.9,23.03665,89.35518,0
23.3,74.0,23.50752,89.79476,1
26.3,64.3,23.68087,91.51839,0
31.9,69.4,22.38647,90.11995,0
27.4,86.5,22.46581,92.4196,1
25.8,61.7,23.38972,90.05614,1
31.6,72.3,22.89308,90.80211,1
26.1,86.9,24.94121,89.25272,0
26.7,80.3,23.32342,91.13991,1
35.0,58.8,23.51185,90.90766,1
34.5,55.6,23.94877,91.13716,0
28.1,67.3,22.51905,89.7325,1
27.6,58.3,22.45495,90.54068,1
29.4,77.1,23.1204,91.32743,0
25.7,55.6,23.44012,90.16482,0
29.4,77.9,24.1577,90.31863,0
27.0,75.8,23.1358,89.891,1
26.3,85.5,23.61984,89.90138,0
25.2,67.0,23.77563,90.02882,0
26.7,66.7,22.74972,90.50055,1
36.2,82.6,23.40827,90.79034,1
23.5,60.8,22.8325,91.40926,0
30.2,73.3,24.257,90.1294,1
29.7,72.9,23.2747,90.54268,0
27.5,79.5,23.33502,91.25277,0
34.2,60.3,23.90944,91.90984,0
29.9,56.5,24.63114,89.66535,1
30.5,57.2,23.8968,91.22151,1
31.8,66.8,22.99913,91.12459,1
33.6,68.3,24.82701,89.78301,1
33.4,92.8,23.61098,90.23665,1
29.4,65.3,23.79404,90.1277,1
34.5,79.1,24.03413,90.56763,0
29.6,71.8,23.88054,90.72011,0
30.3,69.2,24.05719,90.04504,0
26.0,70.6,22.21816,91.8979,0
31.1,79.2,23.22104,89.94868,0
27.7,66.4,23.31592,90.82693,0
31.9,52.4,22.63212,89.05616,1
31.7,92.5,23.64339,90.2116,1
40.5,69.4,23.63436,91.01221,0
28.4,66.4,24.44038,90.81457,1
25.4,77.3,22.57516,90.45389,0
30.6,76.1,23.85769,91.32179,1
26.6,71.8,22.33507,90.74979,1
33.2,68.5,23.45428,90.21714,1
24.1,66.9,24.09224,91.05989,0
26.5,55.7,23.3857,90.55674,0
35.5,82.4,22.61784,89.96119,0
33.2,54.5,24.24695,90.46547,0
30.1,72.2,23.98045,90.98897,1
26.8,71.5,24.02733,92.11674,1
32.9,64.0,23.50921,90.1703,1
35.8,65.4,23.22349,91.25764,0
26.0,76.3,23.05135,89.97815,1
31.4,70.1,23.25436,90.48365,0
38.1,87.3,23.26554,90.6727,0
30.3,77.0,23.37887,91.1477,0
31.1,72.7,22.56863,89.83553,0
32.8,75.6,23.51787,89.72991,0
26.5,85.7,23.75314,91.38398,1
23.7,56.7,23.14909,90.49948,1
29.1,59.9,24.5494,90.77154,1
35.8,80.2,23.72537,91.12812,0
33.8,64.5,24.09387,90.1299,0
32.7,73.1,23.79239,91.09931,0
28.7,69.4,23.72766,90.6633,1
31.6,36.6,23.77859,90.71807,1
29.4,55.6,23.90909,90.10306,1
33.1,59.5,24.55357,90.53599,1
27.4,66.2,23.84052,91.9797,1
41.4,53.6,24.20031,89.60269,1
32.1,73.1,23.84214,90.27289,1
31.3,83.2,23.57343,90.8194,1
26.2,64.1,24.04192,89.07551,1
24.7,51.8,23.21571,91.34045,0
24.5,68.1,23.63164,89.55595,1
32.5,66.9,22.15771,91.27233,0
32.0,78.1,23.45463,89.19769,0
32.1,85.2,22.62555,90.99101,1
31.9,52.6,22.89355,89.79098,1
33.9,69.7,23.66312,90.73049,1
27.3,71.3,24.21807,91.95124,0
29.1,72.0,24.26478,91.26602,0
28.7,67.5,24.34036,89.78618,1
35.5,72.5,22.02511,92.02679,1
33.3,68.4,24.84178,90.14767,1
37.3,70.2,22.69698,90.09985,0
24.7,58.0,23.53178,90.95183,1
27.4,75.4,23.57958,89.93352,1
29.7,80.0,23.82181,90.93378,1
27.2,65.4,23.62057,90.64213,0
30.0,69.6,23.28611,89.91253,0
36.0,52.6,23.33148,91.32294,0
34.8,54.0,23.20996,90.51279,0
24.7,61.3,21.43127,90.1665,0
31.8,68.6,24.14957,92.38084,0
33.1,54.4,24.14103,90.0319,0
37.6,57.2,23.72265,91.24983,0
28.9,83.3,24.49746,90.48385,1
26.1,73.1,23.24835,90.25783,0
31.5,79.4,22.39593,90.24422,0
25.5,71.6,23.668,91.08909,1
24.3,74.6,24.50135,89.3669,1
30.3,75.9,24.0364,91.68471,1
27.1,76.1,22.50923,90.44427,0
31.6,71.4,23.03408,90.46444,1
28.5,68.9,23.08693,91.55994,0
25.4,61.0,23.157,90.4876,1
35.1,89.4,24.37082,90.31776,1
37.4,64.4,23.55388,90.93139,1
26.9,53.8,23.93034,91.2487,0
25.3,72.0,23.45363,90.75241,1
30.1,54.4,23.42723,91.40767,1
26.1,77.0,23.55545,90.16474,1
33.2,62.0,22.99238,90.35798,1
31.3,69.4,23.5234,90.67873,1
32.0,60.8,22.96308,90.57066,0
25.8,41.4,24.78316,91.90738,1
28.1,80.4,22.37362,89.51744,0
26.9,68.4,23.78192,90.63336,0
36.7,76.0,24.69794,89.52378,1
26.1,93.1,24.1088,89.64967,1
31.9,61.5,22.2084,89.89466,1
28.3,67.5,22.12206,89.25104,1
26.5,74.6,23.43214,90.33867,0
30.3,82.2,24.03037,90.25414,0
35.4,75.8,22.72768,89.87955,0
35.0,58.5,24.2164,89.70476,0
30.4,62.7,22.92529,89.65114,1
19.1,57.7,23.80413,90.71387,0
29.7,77.2,24.46814,90.71004,1
27.1,75.3,23.75887,90.97447,1
28.1,81.6,24.25776,90.28147,0
36.4,67.2,22.99377,91.59434,1
28.4,62.2,23.16155,91.33757,1
29.0,76.8,23.73895,90.48603,1
28.0,51.4,22.55936,90.71248,0
35.9,72.7,22.45406,89.98179,0
21.0,64.1,23.54285,90.93171,1
34.9,76.9,23.2723,90.98344,0
35.9,69.4,23.84082,90.19684,1
32.5,60.2,22.47482,90.18517,0
29.4,59.3,24.01507,90.65692,0
29.9,65.7,23.09612,90.04201,0
35.9,73.6,23.88265,90.46864,0
31.2,78.5,23.33762,90.85627,0
32.2,70.0,22.98132,91.21765,0
27.3,88.6,22.19903,90.96114,0
32.8,72.5,23.46211,91.57423,1
28.3,61.6,23.34246,90.47341,0
19.2,73.1,23.09021,90.56653,0
34.5,57.5,23.86487,91.14508,0
27.8,79.8,22.98294,91.75587,1
33.9,78.5,24.53444,90.22566,1
26.5,61.2,23.38992,91.93051,0
35.0,70.0,23.41945,90.31309,0
37.8,60.6,22.92228,90.35137,1
28.7,55.6,23.99488,90.92298,0
33.4,56.2,24.04331,90.80122,1
24.3,69.0,23.36537,91.1368,0
30.1,77.6,23.3259,90.01346,1
33.4,64.7,23.46754,90.58098,1
36.8,74.7,22.92073,90.92832,1
35.6,69.2,23.30776,92.65793,1
30.4,65.1,22.92316,91.0775,0
34.0,59.0,22.80288,90.37087,0
32.1,65.8,23.66869,91.59,1
28.8,70.5,23.73342,90.63574,1
25.9,54.4,22.93005,89.70833,0
28.9,66.2,23.95195,90.31058,1
26.5,67.0,23.17689,90.29018,0
34.1,74.1,23.52396,90.34925,1
29.1,54.3,23.77999,90.88635,0
32.4,65.1,22.88594,89.87763,1
28.9,73.5,22.16318,90.5283,0
29.1,92.8,24.63177,89.53388,0
33.7,64.6,22.9103,89.50267,1
25.0,68.4,24.02712,89.98016,1
35.3,58.8,24.14189,91.32539,1
26.3,82.3,23.7391,90.31915,1
26.6,87.9,23.44592,89.88056,1
28.9,59.2,23.57407,91.81007,1
36.9,78.9,22.98833,91.28943,0
35.1,63.1,22.59789,91.39598,1
37.5,78.0,23.37841,90.90972,1
27.7,76.0,24.15468,90.2755,0
25.0,58.8,23.57778,90.41585,0
35.0,71.0,24.67695,90.33757,0
30.7,73.4,23.64091,90.59649,1
28.9,70.2,22.81095,90.38888,0
28.8,75.6,23.96688,90.21136,1
32.3,73.0,24.32207,90.7844,0
29.0,44.9,24.74044,90.74241,0
24.3,55.7,22.59664,90.89779,1
29.1,42.6,22.87394,90.78062,0
24.8,84.6,24.037,89.58989,1
24.0,68.5,23.50499,90.6545,1
34.6,76.6,24.77954,90.6407,0
