id,name,description,longitude,latitude,image_url,article_url,source,source_url
Q105064633,কাজিরবাগ ইকো পার্ক,কাজীরবাগে অবস্থিত ইকো-পার্ক,91.4215504,23.0419682,http://commons.wikimedia.org/wiki/Special:FilePath/Kazirbag%20Eco-Park%20%28180145%29.jpg,https://en.wikipedia.org/wiki/Kazirbag_Eco-Park,Wikidata,http://www.wikidata.org/entity/Q105064633
Q107352608,মেরিটাইম মিউজিয়াম,চট্টগ্রামের নেভাল অ্যাভিনিউ রোডে অবস্থিত জাদুঘর,91.825405,22.344111,http://commons.wikimedia.org/wiki/Special:FilePath/Maritime%20Museum%20signboard.jpg,,Wikidata,http://www.wikidata.org/entity/Q107352608
Q13059829,জয়নুল আবেদিন সংগ্রহশালা,বাংলাদেশের ময়মনসিংহে অবস্থিত একটি জাদুঘর,90.394944444,24.770333333,http://commons.wikimedia.org/wiki/Special:FilePath/Jainul%20Abedin%20Museum.jpg,https://en.wikipedia.org/wiki/Zainul_Abedin_Museum,Wikidata,http://www.wikidata.org/entity/Q13059829
Q13058770,বঙ্গবন্ধু শেখ মুজিবুর রহমান স্মৃতি জাদুঘর,শেখ মুজিবুর রহমানের বাসভবন,90.376388888,23.751666666,http://commons.wikimedia.org/wiki/Special:FilePath/Bangabandhu%20memorial%20museum%20front%20gate%2C%20Dhaka.jpg,https://en.wikipedia.org/wiki/Bangabandhu_Memorial_Museum,Wikidata,http://www.wikidata.org/entity/Q13058770
Q18988201,বাংলাদেশ ডাক জাদুঘর,"ঢাকা জেনারেল ডাকঘর (জিপিও)-তে অবস্থিত একটি জাদুঘর, বাংলাদেশ",90.4109,23.7283,,"https://en.wikipedia.org/wiki/Postal_Museum,_Dhaka",Wikidata,http://www.wikidata.org/entity/Q18988201
Q55232305,রেডিয়েন্ট ফিশ ওয়ার্ল্ড,কক্সবাজার,91.9678958,21.4423182,http://commons.wikimedia.org/wiki/Special:FilePath/Colorful%20aquarium%20fishes%2C%20Radiant%20Fish%20World%2C%20Cox%27s%20Bazar%20%2802%29.jpg,,Wikidata,http://www.wikidata.org/entity/Q55232305
Q60749703,ফয়েজ লেক কনকর্ড,বাংলাদেশে অবস্থিত বিনোদনমূলক পার্ক,91.79624,22.36841,http://commons.wikimedia.org/wiki/Special:FilePath/Foy%27s%20Lake%20Concord%20%282Q7A0334%29.jpg,https://en.wikipedia.org/wiki/Foy%27s_Lake_Concord,Wikidata,http://www.wikidata.org/entity/Q60749703
Q4161768,Q4161768,,88.6355,25.6285,,,Wikidata,http://www.wikidata.org/entity/Q4161768
Q3350326,বাংলাদেশ জাতীয় চিড়িয়াখানা,"মিরপুর, ঢাকা, বাংলাদেশ",90.3446102,23.812674,http://commons.wikimedia.org/wiki/Special:FilePath/Mirpur%20national%20zoo.jpg,https://en.wikipedia.org/wiki/Bangladesh_National_Zoo,Wikidata,http://www.wikidata.org/entity/Q3350326
Q113681620,তমা তুঙ্গী,বান্দরবানের থানচি উপজেলায় অবস্থিত দর্শনীয় স্থান,92.466567,21.830476,,,Wikidata,http://www.wikidata.org/entity/Q113681620
Q25587584,মোহাম্মদ আলী প্যালেস মিউজিয়াম,বাংলাদেশের বগুড়া জেলার একটি জাদুঘর,89.376555555,24.8485,http://commons.wikimedia.org/wiki/Special:FilePath/Palace%20Museum%20in%20Bogra%2027.jpg,https://en.wikipedia.org/wiki/Mohammed_Ali_Palace_Museum,Wikidata,http://www.wikidata.org/entity/Q25587584
Q63347873,বাংলাদেশ রেলওয়ে জাদুঘর,চট্টগ্রামে রেলওয়ে জাদুঘর,91.80132,22.35433,http://commons.wikimedia.org/wiki/Special:FilePath/Bangladesh%20Railway%20Museum%2C%20Chattogram%20%282Q7A0322%29.jpg,https://en.wikipedia.org/wiki/Bangladesh_Railway_Museum,Wikidata,http://www.wikidata.org/entity/Q63347873
Q25588099,বাংলাদেশ বিমান বাহিনী জাদুঘর,বাংলাদেশের প্রথম বিমান জাদুঘর,90.37,23.77,http://commons.wikimedia.org/wiki/Special:FilePath/Entry%20gate%20of%20Bangladesh%20Air%20Force%20Museum.jpg,https://en.wikipedia.org/wiki/Bangladesh_Air_Force_Museum,Wikidata,http://www.wikidata.org/entity/Q25588099
Q13059506,রংপুর চিড়িয়াখানা,রংপুরের চিড়িয়াখানা,89.2515,25.7556,http://commons.wikimedia.org/wiki/Special:FilePath/Rongpur%20zoo.JPG,https://en.wikipedia.org/wiki/Rangpur_Zoo,Wikidata,http://www.wikidata.org/entity/Q13059506
Q25588062,"প্রত্নতাত্ত্বিক জাদুঘর, মহাস্থান",মহাস্থান প্রত্নতাত্ত্বিক জাদুঘর,89.344265,24.962476,http://commons.wikimedia.org/wiki/Special:FilePath/Mahasthangar%20Museum%20Bogra%20Bangladesh%20%289%29.JPG,,Wikidata,http://www.wikidata.org/entity/Q25588062
Q25588062,"প্রত্নতাত্ত্বিক জাদুঘর, মহাস্থান",মহাস্থান প্রত্নতাত্ত্বিক জাদুঘর,89.344265,24.962476,http://commons.wikimedia.org/wiki/Special:FilePath/Main%20gate%20of%20Archaeological%20Museum%2C%20Mohasthangarh.jpg,,Wikidata,http://www.wikidata.org/entity/Q25588062
Q16345312,খুলনা বিভাগীয় জাদুঘর,খুলনার একটি জাদুঘর,89.55188,22.82112,http://commons.wikimedia.org/wiki/Special:FilePath/Khulna%20Divisional%20Museum%20%2801%29.jpg,https://en.wikipedia.org/wiki/Khulna_Divisional_Museum,Wikidata,http://www.wikidata.org/entity/Q16345312
Q25587452,পাথর জাদুঘর,,88.559022769,26.334244135,http://commons.wikimedia.org/wiki/Special:FilePath/Rocks%20Museum%20of%20Panchagarh%20%281%29.jpg,,Wikidata,http://www.wikidata.org/entity/Q25587452
Q15961055,জাতীয় চিত্রশালা,বাংলাদেশের জাতীয় চিত্রশালা,90.4045,23.7345,http://commons.wikimedia.org/wiki/Special:FilePath/%E0%A6%9C%E0%A6%BE%E0%A6%A4%E0%A7%80%E0%A6%AF%E0%A6%BC%20%E0%A6%9A%E0%A6%BF%E0%A6%A4%E0%A7%8D%E0%A6%B0%E0%A6%B6%E0%A6%BE%E0%A6%B2%E0%A6%BE%20%E0%A7%AD.jpg,https://en.wikipedia.org/wiki/National_Art_Gallery_(Bangladesh),Wikidata,http://www.wikidata.org/entity/Q15961055
Q61366299,আবুল বরকত স্মৃতি জাদুঘর,জাদুঘর,90.38958,23.72766,http://commons.wikimedia.org/wiki/Special:FilePath/Bhasa%20Shaid%20Abul%20Barkat%20Museum.jpg,,Wikidata,http://www.wikidata.org/entity/Q61366299
Q18987429,চট্টগ্রাম চিড়িয়াখানা,চট্টগ্রামে অবস্থিত চিড়িয়াখানা,91.79618955,22.36657159,http://commons.wikimedia.org/wiki/Special:FilePath/Chittagong%20Zoo%20-%202.jpg,https://en.wikipedia.org/wiki/Chittagong_Zoo,Wikidata,http://www.wikidata.org/entity/Q18987429
Q16253165,বাংলাদেশ মেরিটাইম মিউজিয়াম,বাংলাদেশ মেরিন একাডেমিতে অবস্থিত জাদুঘর,91.839,22.242,http://commons.wikimedia.org/wiki/Special:FilePath/Bangladesh%20Maritime%20Museum.jpg,https://en.wikipedia.org/wiki/Bangladesh_Maritime_Museum,Wikidata,http://www.wikidata.org/entity/Q16253165
Q7915600,বরেন্দ্র গবেষণা জাদুঘর,বাংলাদেশের প্রথম জাদুঘর,88.5924,24.3671,http://commons.wikimedia.org/wiki/Special:FilePath/Varendra%20Research%20Museum%2010.jpg,https://en.wikipedia.org/wiki/Varendra_Research_Museum,Wikidata,http://www.wikidata.org/entity/Q7915600
Q118591272,চট্টগ্রাম শিশু পার্ক,চট্টগ্রামে অবস্থিত শিশু পার্ক,91.8240624,22.3475918,,,Wikidata,http://www.wikidata.org/entity/Q118591272
Q19741757,বীরশ্রেষ্ঠ মুন্সী আবদুর রউফ স্মৃতি জাদুঘর ও পাঠাগার,স্মৃতি জাদুঘর ও পাঠাগার,89.5228,23.5193,,https://en.wikipedia.org/wiki/Birshreshtha_Munshi_Abdur_Rouf_Library_and_Museum,Wikidata,http://www.wikidata.org/entity/Q19741757
Q51876,বাংলাদেশ জাতীয় জাদুঘর,বাংলাদেশের জাতীয় জাদুঘর,90.3941,23.73755,http://commons.wikimedia.org/wiki/Special:FilePath/DG%2091%20-%2009%20NATIONAL%20MUSEUM%20DHAKA%20IMG%2031782.jpg,https://en.wikipedia.org/wiki/Bangladesh_National_Museum,Wikidata,http://www.wikidata.org/entity/Q51876
Q118369953,নজরুল স্মৃতিকেন্দ্র,কাজী নজরুল ইসলামের স্মৃতিবিজড়িত জাদুঘর,90.3938364,24.657746,,,Wikidata,http://www.wikidata.org/entity/Q118369953
Q5454552,ফিশ মিউজিয়াম এন্ড বায়োডাইভার্সিটি সেন্টার,"museum in Mymensingh, Bangladesh",90.428,24.725,,https://en.wikipedia.org/wiki/Fish_Museum_%26_Biodiversity_Centre,Wikidata,http://www.wikidata.org/entity/Q5454552
Q131427448,সুচিত্রা সেন স্মৃতি সংগ্রহশালা,পাবনায় অবস্থিত একটি স্মৃতি জাদুঘর,89.235758,23.999278,http://commons.wikimedia.org/wiki/Special:FilePath/Suchitra%20Sen%20Memory%20School%2002.jpg,,Wikidata,http://www.wikidata.org/entity/Q131427448
Q18988935,লালমনিরহাট জেলা জাদুঘর,বাংলাদেশের লালমনিরহাট জেলায় অবস্থিত একটি জাদুঘর,89.453222222,25.917333333,,,Wikidata,http://www.wikidata.org/entity/Q18988935
Q31724515,জগদীশ চন্দ্র বসু স্মৃতি জাদুঘর,বাংলাদেশের একটি প্রত্নতাত্ত্বিক নিদর্শন ও জাদুঘর,90.250145,23.518608,http://commons.wikimedia.org/wiki/Special:FilePath/Sir%20J%20C%20Buse%20complex%20building.jpg,,Wikidata,http://www.wikidata.org/entity/Q31724515
Q55232280,"এভিয়ারী ও ইকো-পার্ক, রাঙ্গুনিয়া, চট্টগ্রাম",পক্ষিশালা ও ইকোপার্ক,92.121044,22.4935384,http://commons.wikimedia.org/wiki/Special:FilePath/Entrance%20of%20the%20aviary.jpg,"https://en.wikipedia.org/wiki/Aviary_and_Eco-Park,_Rangunia",Wikidata,http://www.wikidata.org/entity/Q55232280
Q18988336,বীরশ্রেষ্ঠ মোস্তফা কামাল স্মৃতি জাদুঘর,,90.6321,22.66,http://commons.wikimedia.org/wiki/Special:FilePath/%E0%A6%AC%E0%A7%80%E0%A6%B0%E0%A6%B6%E0%A7%8D%E0%A6%B0%E0%A7%87%E0%A6%B7%E0%A7%8D%E0%A6%A0%20%E0%A6%AE%E0%A7%8B%E0%A6%B8%E0%A7%8D%E0%A6%A4%E0%A6%AB%E0%A6%BE%20%E0%A6%95%E0%A6%BE%E0%A6%AE%E0%A6%BE%E0%A6%B2%20%E0%A6%B8%E0%A7%8D%E0%A6%AE%E0%A7%83%E0%A6%A4%E0%A6%BF%20%E0%A6%9C%E0%A6%BE%E0%A6%A6%E0%A7%81%E0%A6%98%E0%A6%B0.jpg,https://en.wikipedia.org/wiki/Bir_Sreshtho_Mostafa_Kamal_Memorial_Museum_and_Library,Wikidata,http://www.wikidata.org/entity/Q18988336
Q23044804,জাতীয় বিজ্ঞান ও প্রযুক্তি জাদুঘর,বাংলাদেশের রাজধানী ঢাকায় অবস্থিত একটি বিজ্ঞান ভিত্তিক জাদুঘর,90.3716,23.7788,http://commons.wikimedia.org/wiki/Special:FilePath/Bangladesh%20National%20Museum%20of%20Science%20and%20Technology%20Entrance.JPG,https://en.wikipedia.org/wiki/National_Museum_of_Science_and_Technology_(Bangladesh),Wikidata,http://www.wikidata.org/entity/Q23044804
Q29025197,কুমিল্লা চিড়িয়াখানা ও বোটানিক্যাল গার্ডেন,Cumilla Zoo and Botanical Garden,91.17138889,23.47222222,,https://en.wikipedia.org/wiki/Comilla_Zoo_and_Botanical_Garden,Wikidata,http://www.wikidata.org/entity/Q29025197
Q24206239,চট্টগ্রাম বিশ্ববিদ্যালয় জাদুঘর,চট্টগ্রাম বিশ্ববিদ্যালয়ের জাদুঘর,91.7844642,22.4704368,http://commons.wikimedia.org/wiki/Special:FilePath/Chittagong%20University%20Museum%20%2802%29.jpg,,Wikidata,http://www.wikidata.org/entity/Q24206239
Q51876,বাংলাদেশ জাতীয় জাদুঘর,বাংলাদেশের জাতীয় জাদুঘর,90.3941,23.73755,http://commons.wikimedia.org/wiki/Special:FilePath/Bangladesh%20National%20Museum%20%2801%29.jpg,https://en.wikipedia.org/wiki/Bangladesh_National_Museum,Wikidata,http://www.wikidata.org/entity/Q51876
Q63213189,চরমুগুরিয়া ইকোপার্ক,ইকোপার্ক,90.2067581,23.1744508,,https://en.wikipedia.org/wiki/Charmuguria_Eco-Park,Wikidata,http://www.wikidata.org/entity/Q63213189
Q13059828,শিল্পাচার্য জয়নুল লোক ও কারুশিল্প জাদুঘর,একটি লোক ও কারুশিল্প যাদুঘর,90.60158,23.6487,http://commons.wikimedia.org/wiki/Special:FilePath/Bust%20of%20Shilpacharya%20Zainul%20Abedin.jpg,https://en.wikipedia.org/wiki/Shilpacharya_Zainul_Folk_and_Craft_Museum,Wikidata,http://www.wikidata.org/entity/Q13059828
Q15217015,জাতি-তাত্ত্বিক জাদুঘর,চট্টগ্রামে অবস্থিত জাদুঘর,91.8128094,22.3280532,http://commons.wikimedia.org/wiki/Special:FilePath/Entrance%20of%20Ethnological%20Museum%20%2803%29.jpg,"https://en.wikipedia.org/wiki/Ethnological_Museum,_Chittagong",Wikidata,http://www.wikidata.org/entity/Q15217015
Q7107142,ওসমানী জাদুঘর,বাংলাদেশের সিলেট শহরে অবস্থিত জাদুঘর,91.8773,24.894,http://commons.wikimedia.org/wiki/Special:FilePath/%E0%A6%93%E0%A6%B8%E0%A6%AE%E0%A6%BE%E0%A6%A8%E0%A7%80%20%E0%A6%9C%E0%A6%BE%E0%A6%A6%E0%A7%81%E0%A6%98%E0%A6%B0%E0%A7%87%E0%A6%B0%20%E0%A6%AA%E0%A7%8D%E0%A6%B0%E0%A6%AC%E0%A7%87%E0%A6%B6%E0%A6%AA%E0%A6%A5.jpg,https://en.wikipedia.org/wiki/Osmani_Museum,Wikidata,http://www.wikidata.org/entity/Q7107142
Q17069124,ময়মনসিংহ জাদুঘর,বাংলাদেশের ময়মনসিংহ শহরে অবস্থিত জাদুঘর,90.4056,24.7609,http://commons.wikimedia.org/wiki/Special:FilePath/Mymensingh%20museum%20%2818955693949%29.jpg,https://en.wikipedia.org/wiki/Mymensingh_Museum,Wikidata,http://www.wikidata.org/entity/Q17069124
Q92538250,হামিদুজ্জামান ভাস্কর্য পার্ক,বাংলাদেশের গাজীপুরের কালিয়াকৈর উপজেলায় অবস্থিত একটি ভাস্কর্য উদ্যান,90.338884,23.991012,,https://en.wikipedia.org/wiki/Hamiduzzaman_Sculpture_Park,Wikidata,http://www.wikidata.org/entity/Q92538250
Q118465518,বাংলাদেশ বন গবেষণা ইনস্টিটিউট জাদুঘর,বাংলাদেশ বন গবেষণা ইনস্টিটিউটের আধীনে জাদুঘর,91.8245941,22.3741789,,,Wikidata,http://www.wikidata.org/entity/Q118465518
Q2912841,মুক্তিযুদ্ধ জাদুঘর,বাংলাদেশের মুক্তিযুদ্ধ ভিত্তিক যাদুঘর,90.369702,23.775584,http://commons.wikimedia.org/wiki/Special:FilePath/Liberation%20War%20Museum%2Cnew%20building.jpg,https://en.wikipedia.org/wiki/Liberation_War_Museum,Wikidata,http://www.wikidata.org/entity/Q2912841
Q16257913,মিউজিয়াম অব রাজাস,বাংলাদেশের সিলেট শহরে অবস্থিত একটি যাদুঘর,91.8650885,24.8949162,http://commons.wikimedia.org/wiki/Special:FilePath/Raja-Kunjo%2C%20Museum%20of%20Rajas%27%20%2801%29.jpg,https://en.wikipedia.org/wiki/Museum_of_Rajas%27,Wikidata,http://www.wikidata.org/entity/Q16257913
Q18987476,জিয়া স্মৃতি জাদুঘর,"চট্টগ্রাম শহরে অবস্থিত একটি জাদুঘর, বাংলাদেশ",91.8246317,22.3486171,http://commons.wikimedia.org/wiki/Special:FilePath/Zia%20Museum%20001.JPG,https://en.wikipedia.org/wiki/Zia_Memorial_Museum,Wikidata,http://www.wikidata.org/entity/Q18987476
Q3661445,তাজহাট জমিদার বাড়ি,বাংলাদেশের জাদুঘর,89.280367,25.725057,http://commons.wikimedia.org/wiki/Special:FilePath/Tazhat%20Rangpur.jpg,https://en.wikipedia.org/wiki/Tajhat_Palace,Wikidata,http://www.wikidata.org/entity/Q3661445
Q17556276,বাংলাদেশ সামরিক জাদুঘর,ঢাকায় অবস্থিত বাংলাদেশ সেনাবাহিনী কর্তৃক নিয়ন্ত্রিত সামরিক জাদুঘর,90.3858,23.76385,http://commons.wikimedia.org/wiki/Special:FilePath/Bangladesh%20Military%20Museum%20Inside%20%2C%20Bijoy%20Sharani.jpg,https://en.wikipedia.org/wiki/Bangladesh_Military_Museum,Wikidata,http://www.wikidata.org/entity/Q17556276
Q60523244,ভিন্নজগৎ,চিত্তবিনোদন পার্ক,89.1090506,25.8305871,http://commons.wikimedia.org/wiki/Special:FilePath/Vinnyajagat%20Guest%20House%20%26%20Conference%20Centre%20%2801%29.jpg,,Wikidata,http://www.wikidata.org/entity/Q60523244
Q129652137,মসজিদ আল মুস্তফা,বাংলাদেশের ঢাকা শহরের একটি দৃষ্টিনন্দন মসজিদ,90.4479626,23.7998504,http://commons.wikimedia.org/wiki/Special:FilePath/%E0%A6%87%E0%A6%AB%E0%A6%A4%E0%A6%BE%E0%A6%B0%2C%20%E0%A6%B0%E0%A6%AE%E0%A6%9C%E0%A6%BE%E0%A6%A8%20%E0%A7%A7%E0%A7%AA%E0%A7%AA%E0%A7%AC%2C%20%E0%A6%AC%E0%A6%BE%E0%A6%AF%E0%A6%BC%E0%A6%A4%E0%A7%81%E0%A6%B2%20%E0%A6%AE%E0%A7%8B%E0%A6%95%E0%A6%BE%E0%A6%B0%E0%A6%B0%E0%A6%AE%20%E0%A6%9C%E0%A6%BE%E0%A6%A4%E0%A7%80%E0%A6%AF%E0%A6%BC%20%E0%A6%AE%E0%A6%B8%E0%A6%9C%E0%A6%BF%E0%A6%A6%20%28DSCF3361%29.jpg,,Wikidata,http://www.wikidata.org/entity/Q129652137
Q13058226,দিনাজপুর জাদুঘর,বাংলাদেশের দিনাজপুরের একটি জাদুঘর,88.635555555,25.628416666,http://commons.wikimedia.org/wiki/Special:FilePath/Dinajpur%20Museum%20gate%20%282%29.jpg,,Wikidata,http://www.wikidata.org/entity/Q13058226
Q118115042,"এনাটমি জাদুঘর, সিভাসু",চট্টগ্রাম জেলার একটি জাদুঘর,91.808525,22.361916666,http://commons.wikimedia.org/wiki/Special:FilePath/Anatomy%20Museum%2C%20CVASU%20%28cropped%29.jpg,,Wikidata,http://www.wikidata.org/entity/Q118115042
Q19768200,স্বাধীনতা জাদুঘর,ঢাকার জাদুঘর,90.3985,23.73394,http://commons.wikimedia.org/wiki/Special:FilePath/Independence%20museum%20%28Copy%29.jpg,"https://en.wikipedia.org/wiki/Museum_of_Independence,_Dhaka",Wikidata,http://www.wikidata.org/entity/Q19768200
Q5313401,ডুলাহাজারা সাফারি পার্ক,বাংলাদেশের একটি সাফারি পার্ক,92.09,21.67,,https://en.wikipedia.org/wiki/Dulhazra_Safari_Park,Wikidata,http://www.wikidata.org/entity/Q5313401
Q16345864,গাজীপুর সাফারি পার্ক,বাংলাদেশের গাজীপুরে অবস্থিত সাফারি পার্ক,90.396517343,24.169949962,http://commons.wikimedia.org/wiki/Special:FilePath/Aerial%20view%20of%20Gazipur%20Safari%20Park.jpg,https://en.wikipedia.org/wiki/Gazipur_Safari_Park,Wikidata,http://www.wikidata.org/entity/Q16345864
Q25588095,শহীদ স্মৃতি সংগ্রহশালা,বাংলাদেশের প্রথম মুক্তিযুদ্ধভিত্তিক সংগ্রহশালা,88.640424,24.368812,http://commons.wikimedia.org/wiki/Special:FilePath/Smrity%2071%20-%20RU%20-%203.JPG,,Wikidata,http://www.wikidata.org/entity/Q25588095
Q82869059,সাত গম্বুজ মসজিদ সমাধি,ঢাকার একটি প্রত্নতাত্ত্বিক স্থাপনা,90.3589591,23.7576502,http://commons.wikimedia.org/wiki/Special:FilePath/Sat%20Gambuj%20Mosque%20Tomb.jpg,,Wikidata,http://www.wikidata.org/entity/Q82869059
Q76633918,মজিদবাড়িয়া শাহী মসজিদ,বাংলাদেশের পটুয়াখালী জেলার একটি প্রাচীন মসজিদ ও প্রত্নতাত্ত্বিক স্থাপনা,90.1808051,22.2701689,http://commons.wikimedia.org/wiki/Special:FilePath/%E0%A6%AE%E0%A6%9C%E0%A6%BF%E0%A6%A6%E0%A6%AC%E0%A6%BE%E0%A6%A1%E0%A6%BC%E0%A6%BF%E0%A6%AF%E0%A6%BC%E0%A6%BE%20%E0%A6%B6%E0%A6%BE%E0%A6%B9%E0%A7%80%20%E0%A6%AE%E0%A6%B8%E0%A6%9C%E0%A6%BF%E0%A6%A6%2C%20%E0%A6%B8%E0%A6%AE%E0%A7%8D%E0%A6%AE%E0%A7%81%E0%A6%96%20%E0%A6%A6%E0%A7%83%E0%A6%B6%E0%A7%8D%E0%A6%AF.jpg,https://en.wikipedia.org/wiki/Majidbaria_Shahi_Mosque,Wikidata,http://www.wikidata.org/entity/Q76633918
Q7499134,সীতাকোট বিহার,বাংলাদেশের দিনাজপুর জেলার নবাবগঞ্জ উপজেলায় অবস্থিত একটি বৌদ্ধ বিহার,89.05155,25.41426,http://commons.wikimedia.org/wiki/Special:FilePath/%E0%A6%B8%E0%A7%80%E0%A6%A4%E0%A6%BE%E0%A6%95%E0%A7%8B%E0%A6%9F%20%E0%A6%AC%E0%A6%BF%E0%A6%B9%E0%A6%BE%E0%A6%B0-1.jpg,https://en.wikipedia.org/wiki/Sitakot_Vihara,Wikidata,http://www.wikidata.org/entity/Q7499134
Q7499134,সীতাকোট বিহার,বাংলাদেশের দিনাজপুর জেলার নবাবগঞ্জ উপজেলায় অবস্থিত একটি বৌদ্ধ বিহার,89.05155,25.41426,http://commons.wikimedia.org/wiki/Special:FilePath/%E0%A6%B8%E0%A7%80%E0%A6%A4%E0%A6%BE%E0%A6%95%E0%A7%8B%E0%A6%9F%20%E0%A6%AC%E0%A6%BF%E0%A6%B9%E0%A6%BE%E0%A6%B0-2.jpg,https://en.wikipedia.org/wiki/Sitakot_Vihara,Wikidata,http://www.wikidata.org/entity/Q7499134
Q7499134,সীতাকোট বিহার,বাংলাদেশের দিনাজপুর জেলার নবাবগঞ্জ উপজেলায় অবস্থিত একটি বৌদ্ধ বিহার,89.05155,25.41426,http://commons.wikimedia.org/wiki/Special:FilePath/%E0%A6%B8%E0%A7%80%E0%A6%A4%E0%A6%BE%E0%A6%95%E0%A7%8B%E0%A6%9F%20%E0%A6%AC%E0%A6%BF%E0%A6%B9%E0%A6%BE%E0%A6%B0-3.jpg,https://en.wikipedia.org/wiki/Sitakot_Vihara,Wikidata,http://www.wikidata.org/entity/Q7499134
Q7499134,সীতাকোট বিহার,বাংলাদেশের দিনাজপুর জেলার নবাবগঞ্জ উপজেলায় অবস্থিত একটি বৌদ্ধ বিহার,89.05155,25.41426,http://commons.wikimedia.org/wiki/Special:FilePath/%E0%A6%B8%E0%A7%80%E0%A6%A4%E0%A6%BE%E0%A6%95%E0%A7%8B%E0%A6%9F%20%E0%A6%AC%E0%A6%BF%E0%A6%B9%E0%A6%BE%E0%A6%B0-4.jpg,https://en.wikipedia.org/wiki/Sitakot_Vihara,Wikidata,http://www.wikidata.org/entity/Q7499134
Q7499134,সীতাকোট বিহার,বাংলাদেশের দিনাজপুর জেলার নবাবগঞ্জ উপজেলায় অবস্থিত একটি বৌদ্ধ বিহার,89.05155,25.41426,http://commons.wikimedia.org/wiki/Special:FilePath/Sitakot%20Bihara%201.jpg,https://en.wikipedia.org/wiki/Sitakot_Vihara,Wikidata,http://www.wikidata.org/entity/Q7499134
Q31724336,"কালেক্টরেট ভবন, বরিশাল",বাংলাদেশের বরিশাল জেলার অবস্থিত একটি প্রত্নতাত্ত্বিক স্থাপনা,90.373217,22.702675,http://commons.wikimedia.org/wiki/Special:FilePath/%E0%A6%95%E0%A6%BE%E0%A6%B2%E0%A7%87%E0%A6%95%E0%A7%8D%E0%A6%9F%E0%A6%B0%E0%A7%87%E0%A6%9F%20%E0%A6%AD%E0%A6%AC%E0%A6%A8%201.jpg,"https://en.wikipedia.org/wiki/Collectorate_Bhaban,_Barishal",Wikidata,http://www.wikidata.org/entity/Q31724336
Q3906655,মমিন মসজিদ,বাংলাদেশের মসজিদ ও প্রত্নতাত্ত্বিক স্থাপনা,89.94278333,22.38308611,http://commons.wikimedia.org/wiki/Special:FilePath/Momin%20Mosque%20after%20restoration.jpg,https://en.wikipedia.org/wiki/Momin_Mosque,Wikidata,http://www.wikidata.org/entity/Q3906655
Q44120629,বাংলাদেশ ব্যাংক টাকা জাদুঘর,বাংলাদেশের ঢাকা জেলার মিরপুরে অবস্থিত একটি জাদুঘর,90.359638888,23.80225,http://commons.wikimedia.org/wiki/Special:FilePath/Taka%20Museum%20%28Outside%20view%29.jpg,https://en.wikipedia.org/wiki/Bangladesh_Bank_Taka_Museum,Wikidata,http://www.wikidata.org/entity/Q44120629
Q7487152,শালবন বৌদ্ধ বিহার,বাংলাদেশের প্রত্নস্থল,91.1372098,23.426234,http://commons.wikimedia.org/wiki/Special:FilePath/Shalvan%20Vihara%20%2815108060312%29.jpg,https://en.wikipedia.org/wiki/Shalban_Vihara,Wikidata,http://www.wikidata.org/entity/Q7487152
Q85810254,তোষাখানা,specialized treasury for gifts in Bangladesh,90.3853135,23.7643746,http://commons.wikimedia.org/wiki/Special:FilePath/%E0%A6%A4%E0%A7%8B%E0%A6%B7%E0%A6%BE%E0%A6%96%E0%A6%BE%E0%A6%A8%E0%A6%BE%20%E0%A6%9C%E0%A6%BE%E0%A6%A6%E0%A7%81%E0%A6%98%E0%A6%B0.jpg,https://en.wikipedia.org/wiki/Toshakhana_(Bangladesh),Wikidata,http://www.wikidata.org/entity/Q85810254
Q43399395,বাংলাদেশ পুলিশ মুক্তিযুদ্ধ জাদুঘর,মুক্তিযুদ্ধে পুলিশ বাহিনীর কীর্তি স্মারক জাদুঘর,90.419191718,23.739250562,,https://en.wikipedia.org/wiki/Bangladesh_Police_Liberation_War_Museum,Wikidata,http://www.wikidata.org/entity/Q43399395
Q132508524,লালন মিউজিয়াম,কুষ্টিয়ার জাদুঘর,89.152435,23.895904,http://commons.wikimedia.org/wiki/Special:FilePath/Lalon%20museum%2C%20kushtia.jpeg,,Wikidata,http://www.wikidata.org/entity/Q132508524
Q61361293,লোকায়ন জীবন বৈচিত্র্য জাদুঘর,বাংলাদেশের ঠাকুরগাঁও জেলায় অবস্থিত একটি জাদুঘর,88.452495,26.062172,,,Wikidata,http://www.wikidata.org/entity/Q61361293
Q31724137,গালুয়া পাকা মসজিদ,বাংলাদেশের ঝালকাঠি জেলার একটি প্রাচীন মসজিদ ও প্রত্নতাত্ত্বিক স্থাপনা,90.1127349,22.5132778,http://commons.wikimedia.org/wiki/Special:FilePath/Galua%20Paka%20Masjid%2C%20Jhalokathi.jpg,https://en.wikipedia.org/wiki/Galua_Paka_Mosque,Wikidata,http://www.wikidata.org/entity/Q31724137
Q118465616,কুষ্টিয়া পৌর জাদুঘর,কুষ্টিয়া শহরে অবস্থিত বাংলাদেশের জাদুঘর,89.1222665,23.910298,http://commons.wikimedia.org/wiki/Special:FilePath/Kushtia%20Municipal%20Museum.jpg,https://en.wikipedia.org/wiki/Kushtia_Municipal_Museum,Wikidata,http://www.wikidata.org/entity/Q118465616
Q118464890,কাঙ্গাল হরিনাথ স্মৃতি জাদুঘর,জাদুঘর,89.2368468,23.8558946,http://commons.wikimedia.org/wiki/Special:FilePath/%E0%A6%95%E0%A6%BE%E0%A6%99%E0%A6%BE%E0%A6%B2%E0%A6%B9%E0%A6%B0%E0%A6%BF%E0%A6%A8%E0%A6%BE%E0%A6%A5%20%E0%A6%9C%E0%A6%BE%E0%A6%A6%E0%A7%81%E0%A6%98%E0%A6%B0%E0%A7%A7.jpg,https://en.wikipedia.org/wiki/Kangal_Harinath_Memorial_Museum,Wikidata,http://www.wikidata.org/entity/Q118464890
Q55232192,ঢাকা নগর জাদুঘর,ঢাকার দক্ষিণ সিটি করপোরেশন কার্যালয় ভবনে অবস্থিত জাদুঘর,90.4085,23.7239,http://commons.wikimedia.org/wiki/Special:FilePath/%E0%A6%A8%E0%A6%97%E0%A6%B0%20%E0%A6%AD%E0%A6%AC%E0%A6%A8%20Nagar%20Bhaban.jpg,https://en.wikipedia.org/wiki/Dhaka_City_Museum,Wikidata,http://www.wikidata.org/entity/Q55232192
Q118581479,আদালত ভবন জাদুঘর,চট্টগ্রামে অবস্থিত জাদুঘর,91.8322723,22.3347084,,,Wikidata,http://www.wikidata.org/entity/Q118581479
Q3350313,সোনারগাঁও,বাংলাদেশের একটি ঐতিহাসিক স্থান ও পর্যটন এলাকা,90.616666666,23.65,http://commons.wikimedia.org/wiki/Special:FilePath/Lok%20Shilpa%20Jadughar%20%28Folk%20Arts%20Museum%29%20in%20Sonargaon%2C%20Bangladesh.jpg,https://en.wikipedia.org/wiki/Sonargaon,Wikidata,http://www.wikidata.org/entity/Q3350313
Q31724140,সরকার মঠ,বাংলাদেশের বরিশাল জেলার অবস্থিত একটি প্রত্নতাত্ত্বিক স্থাপনা,90.245944444,22.923694444,http://commons.wikimedia.org/wiki/Special:FilePath/%E0%A6%B8%E0%A6%B0%E0%A6%95%E0%A6%BE%E0%A6%B0%20%E0%A6%AE%E0%A6%A0%201.jpg,https://en.wikipedia.org/wiki/Mahilara_Sarkar_Math,Wikidata,http://www.wikidata.org/entity/Q31724140
Q61366267,বাগেরহাট জাদুঘর,বাংলাদেশের বাগেরহাট জেলায় অবস্থিত একটি জাদুঘর,89.6728088,22.6735363,http://commons.wikimedia.org/wiki/Special:FilePath/%E0%A6%90%E0%A6%A4%E0%A6%BF%E0%A6%B9%E0%A6%BE%E0%A6%B8%E0%A6%BF%E0%A6%95%20%E0%A6%AC%E0%A6%BE%E0%A6%97%E0%A7%87%E0%A6%B0%E0%A6%B9%E0%A6%BE%E0%A6%9F%20%E0%A6%9C%E0%A6%BE%E0%A6%A6%E0%A7%81%E0%A6%98%E0%A6%B0%2001.jpg,,Wikidata,http://www.wikidata.org/entity/Q61366267
Q82864520,ঢাকা বিভাগের প্রত্নতাত্ত্বিক স্থান,ঢাকা বিভাগে অবস্থিত প্রত্নতাত্ত্বিক স্থাপনা,90.416667,24.166667,,,Wikidata,http://www.wikidata.org/entity/Q82864520
Q7969421,উয়ারী-বটেশ্বর,খ্রিস্টপূর্ব ৪৫০ সালের একটি প্রত্নতাত্ত্বিক স্থান,90.7176492,23.9192671,http://commons.wikimedia.org/wiki/Special:FilePath/Archeologists%20taking%20measurement%20for%20a%20new%20dig%200102.jpg,https://en.wikipedia.org/wiki/Wari-Bateshwar_ruins,Wikidata,http://www.wikidata.org/entity/Q7969421
Q7969421,উয়ারী-বটেশ্বর,খ্রিস্টপূর্ব ৪৫০ সালের একটি প্রত্নতাত্ত্বিক স্থান,90.7176492,23.9192671,http://commons.wikimedia.org/wiki/Special:FilePath/Wari-Boteshwar%20Excavation%20053.jpg,https://en.wikipedia.org/wiki/Wari-Bateshwar_ruins,Wikidata,http://www.wikidata.org/entity/Q7969421
Q7395716,সাত গম্বুজ মসজিদ,বাংলাদেশের ঢাকার একটি মসজিদ,90.35895556,23.75773611,http://commons.wikimedia.org/wiki/Special:FilePath/Sat%20Gambuj%20Mosque%2C%20Dhaka.jpg,https://en.wikipedia.org/wiki/Sat_Gambuj_Mosque,Wikidata,http://www.wikidata.org/entity/Q7395716
Q76648704,খানবাড়ি পুরাতন জামে মসজিদ,বাংলাদেশের ঝালকাঠি জেলার একটি প্রাচীন মসজিদ ও প্রত্নতাত্ত্বিক স্থাপনা,90.0698174,22.5999773,http://commons.wikimedia.org/wiki/Special:FilePath/Khanbari%20Old%20Jami%20Mosque%2C%20Jhalakathi.jpg,https://en.wikipedia.org/wiki/Khanbari_Old_Jame_Mosque_Complex,Wikidata,http://www.wikidata.org/entity/Q76648704
Q31724458,পল্লী কবি জসীম উদ্দীন সংগ্রহশালা,বাংলাদেশের জাদুঘর,89.819711,23.612208,http://commons.wikimedia.org/wiki/Special:FilePath/Jasimuddin%20Museum%20Faridpur.jpg,,Wikidata,http://www.wikidata.org/entity/Q31724458
Q76529966,শ্রীরামপুর মসজিদ,বাংলাদেশের পটুয়াখালী জেলার একটি প্রাচীন মসজিদ ও প্রত্নতাত্ত্বিক স্থাপনা,90.373028,22.422444,,,Wikidata,http://www.wikidata.org/entity/Q76529966
Q118465114,ফরিদপুর জাদুঘর,বাংলাদেশের জাদুঘর,89.84236,23.60526,http://commons.wikimedia.org/wiki/Special:FilePath/Alimuzzaman%20hall.jpg,,Wikidata,http://www.wikidata.org/entity/Q118465114
Q107272982,বাঘা জাদুঘর,রাজশাহী জেলার একটি জাদুঘর,88.839472222,24.198055555,http://commons.wikimedia.org/wiki/Special:FilePath/Bagha%20Museum.jpg,https://en.wikipedia.org/wiki/Bagha_Museum,Wikidata,http://www.wikidata.org/entity/Q107272982
Q122360787,জুম জাদুঘর,রাঙামাটিতে অবস্থিত জাদুঘর,92.237214,22.693433,http://commons.wikimedia.org/wiki/Special:FilePath/Jum%20Museum%2C%20Rangamati%2002.jpg,,Wikidata,http://www.wikidata.org/entity/Q122360787
Q1496277,গৌড়,প্রাচীন শহর,88.12802887,24.88288116,http://commons.wikimedia.org/wiki/Special:FilePath/Entry%20gate%20at%20Gaur%2C%20Malda..jpg,https://en.wikipedia.org/wiki/Gau%E1%B8%8Da_(city),Wikidata,http://www.wikidata.org/entity/Q1496277
Q31724129,কমলাপুর মসজিদ,বাংলাদেশের বরিশাল জেলার অবস্থিত একটি প্রাচীন মসজিদ ও প্রত্নতাত্ত্বিক স্থাপনা,90.2228332,23.0476158,http://commons.wikimedia.org/wiki/Special:FilePath/Kamalapur%20Mosque%2C%20July%202018%2002.jpg,https://en.wikipedia.org/wiki/Kamalapur_Mosque,Wikidata,http://www.wikidata.org/entity/Q31724129
Q3085127,মহাস্থানগড়,প্রসিদ্ধ প্রাচীন নগরী,89.34277778,24.96111111,http://commons.wikimedia.org/wiki/Special:FilePath/BD%20Mahasthangarh1%20without%20people.jpg,https://en.wikipedia.org/wiki/Mahasthangarh,Wikidata,http://www.wikidata.org/entity/Q3085127
Q118463772,লোকঐতিহ্য জাদুঘর,জাদুঘর,90.3968298,23.7300175,,,Wikidata,http://www.wikidata.org/entity/Q118463772
Q61360139,পানি জাদুঘর,Museum in Bangladesh,90.1747526,21.9485049,,https://en.wikipedia.org/wiki/Water_Museum_(Bangladesh),Wikidata,http://www.wikidata.org/entity/Q61360139
Q131859302,মাদারীপুর মিউজিয়াম,বাংলাদেশের মাদারীপুর জেলায় অবস্থিত একটি জাদুঘর,90.208880555,23.166661111,http://commons.wikimedia.org/wiki/Special:FilePath/Madaripur%20Museum.jpg,,Wikidata,http://www.wikidata.org/entity/Q131859302
Q31724128,কসবা মসজিদ,বাংলাদেশের বরিশাল জেলায় অবস্থিত একটি প্রাচীন মসজিদ ও প্রত্নতাত্ত্বিক স্থাপনা,91.1474309,23.7479365,http://commons.wikimedia.org/wiki/Special:FilePath/%E0%A6%95%E0%A6%B8%E0%A6%AC%E0%A6%BE%20%E0%A6%AE%E0%A6%B8%E0%A6%9C%E0%A6%BF%E0%A6%A6%2036.jpg,https://en.wikipedia.org/wiki/Qasba_Mosque,Wikidata,http://www.wikidata.org/entity/Q31724128
Q31724627,নসরত গাজীর মসজিদ,বাংলাদেশের বরিশাল জেলার অবস্থিত একটি প্রাচীন মসজিদ ও প্রত্নতাত্ত্বিক স্থাপনা,90.439972,22.552611,http://commons.wikimedia.org/wiki/Special:FilePath/%E0%A6%A8%E0%A6%B8%E0%A6%B0%E0%A6%A4%20%E0%A6%97%E0%A6%BE%E0%A6%9C%E0%A7%80%E0%A6%B0%20%E0%A6%AE%E0%A6%B8%E0%A6%9C%E0%A6%BF%E0%A6%A6%20%E0%A6%AD%E0%A6%AC%E0%A6%A8.jpg,https://en.wikipedia.org/wiki/Nasrat_Gazi_Mosque,Wikidata,http://www.wikidata.org/entity/Q31724627
Q135911977,"বাংলাদেশ পুলিশ জাদুঘর, হাতিবান্ধা",বাংলাদেশের জাদুঘর,89.140974,26.124062,,,Wikidata,http://www.wikidata.org/entity/Q135911977
Q7260091,পুন্ড্রনগর,also named as Paharpur,89.34583333,24.96277778,,https://en.wikipedia.org/wiki/Pundranagar,Wikidata,http://www.wikidata.org/entity/Q7260091
Q61364833,উত্তরা গণভবন সংগ্রহশালা,নাটোর জেলার একটি জাদুঘর,88.99111111,24.42,http://commons.wikimedia.org/wiki/Special:FilePath/%E0%A6%89%E0%A6%A4%E0%A7%8D%E0%A6%A4%E0%A6%B0%E0%A6%BE%20%E0%A6%97%E0%A6%A3%E0%A6%AD%E0%A6%AC%E0%A6%A8%20%E0%A6%B8%E0%A6%82%E0%A6%97%E0%A7%8D%E0%A6%B0%E0%A6%B9%E0%A6%B6%E0%A6%BE%E0%A6%B2%E0%A6%BE%20%28%E0%A6%AE%E0%A7%82%E0%A6%B2%20%E0%A6%AB%E0%A6%9F%E0%A6%95%29.jpg,,Wikidata,http://www.wikidata.org/entity/Q61364833
Q130242130,জুলাই গণঅভ্যুত্থান স্মৃতি জাদুঘর,বাংলাদেশের একটি জাদুঘর,90.374,23.765211111,http://commons.wikimedia.org/wiki/Special:FilePath/July%20Memorial%20museum.jpg,https://en.wikipedia.org/wiki/July_Mass_Uprising_Memorial_Museum,Wikidata,http://www.wikidata.org/entity/Q130242130
Q2667438,খান মোহাম্মদ মৃধা মসজিদ,বাংলাদেশের ঢাকা শহরে আতশখানায় অবস্থিত ১৭০৬ সালে নির্মিত প্রাচীন মসজিদ,90.385252,23.720577,http://commons.wikimedia.org/wiki/Special:FilePath/Khan%20Mohammad%20Mirdhas%20Mosque%20Dome%20by%20Ragib%20Hasan.jpg,https://en.wikipedia.org/wiki/Khan_Mohammad_Mridha_Mosque,Wikidata,http://www.wikidata.org/entity/Q2667438
Q76505468,বরিশাল বিভাগের প্রত্নতাত্ত্বিক স্থান,বরিশাল বিভাগে অবস্থিত প্রত্নতাত্ত্বিক স্থাপনা,90.333333,22.5,,,Wikidata,http://www.wikidata.org/entity/Q76505468
Q61360286,বরিশাল বিভাগীয় জাদুঘর,"বরিশালের একটি জাদুঘর, বাংলাদেশ",90.372472222,22.701694444,http://commons.wikimedia.org/wiki/Special:FilePath/%E0%A6%95%E0%A6%BE%E0%A6%B2%E0%A7%87%E0%A6%95%E0%A7%8D%E0%A6%9F%E0%A6%B0%E0%A7%87%E0%A6%9F%20%E0%A6%AD%E0%A6%AC%E0%A6%A8.jpg,https://en.wikipedia.org/wiki/Barisal_Divisional_Museum,Wikidata,http://www.wikidata.org/entity/Q61360286
Q31724132,বিবি চিনি মসজিদ,বাংলাদেশের বরগুনা জেলার অবস্থিত একটি প্রাচীন মসজিদ ও প্রত্নতাত্ত্বিক স্থাপনা,90.1942966,22.4736225,http://commons.wikimedia.org/wiki/Special:FilePath/%E0%A6%AC%E0%A6%BF%E0%A6%AC%E0%A6%BF%20%E0%A6%9A%E0%A6%BF%E0%A6%A8%E0%A6%BF%20%E0%A6%90%E0%A6%A4%E0%A6%BF%E0%A6%B9%E0%A6%BE%E0%A6%B8%E0%A6%BF%E0%A6%95%20%E0%A6%B6%E0%A6%BE%E0%A6%B9%E0%A7%80%20%E0%A6%AE%E0%A6%B8%E0%A6%9C%E0%A6%BF%E0%A6%A6.jpg,https://en.wikipedia.org/wiki/Bibi_Chini_Mosque,Wikidata,http://www.wikidata.org/entity/Q31724132
Q134547661,মণিপুরি জাদুঘর,বাংলাদেশের মৌলভীবাজারের অবস্থিত একটি জাতিগত জাদুঘর,90.5345586,23.3094183,,,Wikidata,http://www.wikidata.org/entity/Q134547661
Q25587967,কড়াপুর মিয়াবাড়ি মসজিদ,বাংলাদেশের বরিশাল জেলার অবস্থিত একটি প্রাচীন মসজিদ ও প্রত্নতাত্ত্বিক স্থাপনা,90.2888953,22.7244352,http://commons.wikimedia.org/wiki/Special:FilePath/Mia-Bari-Mosque-33-01.jpg,https://en.wikipedia.org/wiki/Karapur_Miah_Bari_Mosque,Wikidata,http://www.wikidata.org/entity/Q25587967
Q118459560,ময়নামতি জাদুঘর,,91.13719,23.4236,http://commons.wikimedia.org/wiki/Special:FilePath/Maynamaiti%20museum.jpg,,Wikidata,http://www.wikidata.org/entity/Q118459560
Q61366267,বাগেরহাট জাদুঘর,বাংলাদেশের বাগেরহাট জেলায় অবস্থিত একটি জাদুঘর,89.742777777,22.673333333,http://commons.wikimedia.org/wiki/Special:FilePath/%E0%A6%90%E0%A6%A4%E0%A6%BF%E0%A6%B9%E0%A6%BE%E0%A6%B8%E0%A6%BF%E0%A6%95%20%E0%A6%AC%E0%A6%BE%E0%A6%97%E0%A7%87%E0%A6%B0%E0%A6%B9%E0%A6%BE%E0%A6%9F%20%E0%A6%9C%E0%A6%BE%E0%A6%A6%E0%A7%81%E0%A6%98%E0%A6%B0%2001.jpg,,Wikidata,http://www.wikidata.org/entity/Q61366267
Q61366413,এশিয়াটিক সোসাইটি ঐতিহ্য জাদুঘর,ঢাকা শহরে অবস্থিত একটি জাদুঘর,90.402480885,23.724462003,http://commons.wikimedia.org/wiki/Special:FilePath/Asiatic%20Society%20Heritage%20Museum.jpg,,Wikidata,http://www.wikidata.org/entity/Q61366413
Q118455517,পাহাড়পুর প্রত্নতাত্ত্বিক জাদুঘর,বাংলাদেশের জাদুঘর,88.980573522,25.031032165,http://commons.wikimedia.org/wiki/Special:FilePath/%E0%A6%AA%E0%A6%BE%E0%A6%B9%E0%A6%BE%E0%A6%A1%E0%A6%BC%E0%A6%AA%E0%A7%81%E0%A6%B0%20%E0%A6%AC%E0%A7%8C%E0%A6%A6%E0%A7%8D%E0%A6%A7%20%E0%A6%AC%E0%A6%BF%E0%A6%B9%E0%A6%BE%E0%A6%B0%20%E0%A6%8F%E0%A6%B0%20%E0%A6%9C%E0%A6%BE%E0%A6%A6%E0%A7%81%E0%A6%98%E0%A6%B0.jpg,https://en.wikipedia.org/wiki/Paharpur_Archaeological_Museum,Wikidata,http://www.wikidata.org/entity/Q118455517
Q7395716,সাত গম্বুজ মসজিদ,বাংলাদেশের ঢাকার একটি মসজিদ,90.358956,23.757736,http://commons.wikimedia.org/wiki/Special:FilePath/Sat%20Gambuj%20Mosque%2C%20Dhaka.jpg,https://en.wikipedia.org/wiki/Sat_Gambuj_Mosque,Wikidata,http://www.wikidata.org/entity/Q7395716
Q118115045,"মৎস্য জাদুঘর, সিভাসু",চট্টগ্রাম জেলার একটি মৎস্য জাদুঘর,91.808525,22.361916666,http://commons.wikimedia.org/wiki/Special:FilePath/Fisheries%20Museum%20%28cropped%29.jpg,,Wikidata,http://www.wikidata.org/entity/Q118115045
Q25587690,রহনপুর অষ্টভুজী সমাধিসৌধ,বাংলার মুসলিম স্থাপত্যের ইতিহাসে সর্বপ্রথম অষ্টভূজি ভবনের নিদর্শন,88.334647,24.82499,http://commons.wikimedia.org/wiki/Special:FilePath/Rohanpur%20Octagonal%20Tomb%2004.jpg,,Wikidata,http://www.wikidata.org/entity/Q25587690
Q31724363,লতিকোট মুড়া,বাংলাদেশের কুমিল্লায় অবস্থিত প্রত্নতাত্ত্বিক স্থান,91.1292985,23.4386692,http://commons.wikimedia.org/wiki/Special:FilePath/Lotikot%20Mura%2C%20Comilla%20%283%29.jpg,,Wikidata,http://www.wikidata.org/entity/Q31724363
Q27215430,নীহাররঞ্জন গুপ্তের বাড়ি,বাংলাদেশের নড়াইল জেলায় অবস্থিত একটি প্রত্নতাত্ত্বিক নিদর্শন,89.691305555,23.156388888,,,Wikidata,http://www.wikidata.org/entity/Q27215430
Q138732335,গোরার মসজিদ,বাংলাদেশের মসজিদ,89.142077,23.303145,http://commons.wikimedia.org/wiki/Special:FilePath/Gorar%20Mosque.jpg,https://en.wikipedia.org/wiki/Gorar_Mosque,Wikidata,http://www.wikidata.org/entity/Q138732335
Q26962476,রূপবান মুড়া,বাংলাদেশের কুমিল্লা জেলার লালমাই-ময়নামতি প্রত্নস্থলের প্রাচীন সভ্যতার একটি নিদর্শন,91.1272667,23.4363243,http://commons.wikimedia.org/wiki/Special:FilePath/Rupban%20Mura%2C%20Comilla%2011%20September%202016%2004.jpg,,Wikidata,http://www.wikidata.org/entity/Q26962476
Q31724582,চন্ডীমুড়া,বাংলাদেশের কুমিল্লা জেলার একটি প্রত্নস্থান,91.1295573,23.3532667,http://commons.wikimedia.org/wiki/Special:FilePath/Chondimura%20temple%20%2812%29.jpg,,Wikidata,http://www.wikidata.org/entity/Q31724582
Q27216220,"কৃষ্ণপুর গোবিন্দ মন্দির, পুঠিয়া",রাজশাহীর অন্যতম প্রত্নতাত্বিক স্থাপনা হিসেবে বিবেচিত,88.835037,24.362401,http://commons.wikimedia.org/wiki/Special:FilePath/Krishnapur%20Givinda%20Temple%2C%20Puthia%2001.jpg,,Wikidata,http://www.wikidata.org/entity/Q27216220
Q27216220,"কৃষ্ণপুর গোবিন্দ মন্দির, পুঠিয়া",রাজশাহীর অন্যতম প্রত্নতাত্বিক স্থাপনা হিসেবে বিবেচিত,88.835037,24.362401,http://commons.wikimedia.org/wiki/Special:FilePath/Krishnapur%20Givinda%20Temple%2C%20Puthia%2003.jpg,,Wikidata,http://www.wikidata.org/entity/Q27216220
Q27216220,"কৃষ্ণপুর গোবিন্দ মন্দির, পুঠিয়া",রাজশাহীর অন্যতম প্রত্নতাত্বিক স্থাপনা হিসেবে বিবেচিত,88.835037,24.362401,http://commons.wikimedia.org/wiki/Special:FilePath/Krishnapur%20Givinda%20Temple%2C%20Puthia%2004.jpg,,Wikidata,http://www.wikidata.org/entity/Q27216220
Q27216220,"কৃষ্ণপুর গোবিন্দ মন্দির, পুঠিয়া",রাজশাহীর অন্যতম প্রত্নতাত্বিক স্থাপনা হিসেবে বিবেচিত,88.835037,24.362401,http://commons.wikimedia.org/wiki/Special:FilePath/Krishnapur%20Givinda%20Temple%2C%20Puthia%2005.jpg,,Wikidata,http://www.wikidata.org/entity/Q27216220
Q20824023,কোদলা মঠ,বাংলাদেশের বাগেরহাট জেলায় অবস্থিত একটি মঠ,89.772442114,22.741979249,http://commons.wikimedia.org/wiki/Special:FilePath/Kodla%20Moth%20Front%20View.jpg,,Wikidata,http://www.wikidata.org/entity/Q20824023
Q27215340,ঝাউদিয়া শাহী মসজিদ,কুষ্টিয়া জেলায় অবস্থিত শাহী মসজিদ ও বাংলাদেশর অন্যতম একটি প্রত্নতাত্ত্বিক নির্দশন,89.0551724,23.7749758,http://commons.wikimedia.org/wiki/Special:FilePath/Kushtia%20Jhadia%20IMG%206644.jpg,https://en.wikipedia.org/wiki/Jhaudia_Shahi_Mosque,Wikidata,http://www.wikidata.org/entity/Q27215340
Q6736254,ময়নামতি,কুমিল্লায় অবস্থিত ঐতিহাসিক স্থান,91.1378,23.4261,http://commons.wikimedia.org/wiki/Special:FilePath/%E0%A6%AE%E0%A6%AF%E0%A6%BC%E0%A6%A8%E0%A6%BE%E0%A6%AE%E0%A6%A4%E0%A6%BF%20%E0%A6%B0%E0%A6%BE%E0%A6%A3%E0%A7%80%E0%A6%B0%20%E0%A6%95%E0%A7%81%E0%A6%A0%E0%A6%BF%E0%A6%B0%20%28Maynamati%20Ranir%20Kuthir%29.jpg,https://en.wikipedia.org/wiki/Mainamati,Wikidata,http://www.wikidata.org/entity/Q6736254
Q13057582,কুটিলা মুড়া,বাংলাদেশের কুমিল্লা জেলার প্রত্নস্থল,91.1213082,23.4609286,http://commons.wikimedia.org/wiki/Special:FilePath/%E0%A6%95%E0%A7%8B%E0%A6%9F%E0%A6%BF%E0%A6%B2%E0%A6%BE%20%E0%A6%AE%E0%A7%81%E0%A6%A1%E0%A6%BC%E0%A6%BE%20%E0%A7%A7.png,https://en.wikipedia.org/wiki/Kutila_Mura,Wikidata,http://www.wikidata.org/entity/Q13057582
Q6122067,জগদ্দল বিহার,বাংলাদেশের নওগাঁ জেলার একটি প্রাচীন প্রত্নতাত্ত্বিক স্থান।,88.8875,25.158889,http://commons.wikimedia.org/wiki/Special:FilePath/%E0%A6%AC%E0%A6%BF%E0%A6%B9%E0%A6%BE%E0%A6%B0%E0%A7%87%E0%A6%B0%20%E0%A6%9A%E0%A6%BE%E0%A6%B0%20%E0%A6%95%E0%A7%8B%E0%A6%A3%E0%A7%87%20%E0%A6%AA%E0%A6%A6%E0%A7%8D%E0%A6%AE%20%E0%A6%AB%E0%A7%81%E0%A6%B2%E0%A7%87%E0%A6%B0%20%E0%A6%AA%E0%A6%BE%E0%A6%AA%E0%A6%A1%E0%A6%BC%E0%A6%BF%E0%A6%B0%20%E0%A6%AE%E0%A6%A4%E0%A7%8B%20%E0%A6%A8%E0%A6%95%E0%A6%B6%E0%A6%BE%20%E0%A6%95%E0%A6%B0%E0%A6%BE%20%E0%A6%9B%E0%A6%BF%E0%A6%B2.jpg,https://en.wikipedia.org/wiki/Jagaddala_Mahavihara,Wikidata,http://www.wikidata.org/entity/Q6122067
Q27126763,চাপড়াকোট ঢিবি,রংপুর জেলার বদরগঞ্জ উপজেলাস্থ একটি প্রাচীন কীর্তি,89.083984,25.597336,http://commons.wikimedia.org/wiki/Special:FilePath/CHAPRAKOT%20MOUND%289%29.jpg,,Wikidata,http://www.wikidata.org/entity/Q27126763
Q101413636,নাটেশ্বর,বাংলাদেশের প্রত্নতাত্ত্বিক স্থান,90.469358,23.53168,,https://en.wikipedia.org/wiki/Nateshwar_Deul,Wikidata,http://www.wikidata.org/entity/Q101413636
Q38079954,আড়িফাইল মাজার,বাংলাদেশের ব্রাহ্মণবাড়ীয়া জেলার একটি প্রত্নতাত্ত্বিক স্থান।,91.1067563,24.0693838,http://commons.wikimedia.org/wiki/Special:FilePath/%E0%A6%9C%E0%A7%8B%E0%A6%A1%E0%A6%BC%E0%A6%BE%E0%A6%95%E0%A6%AC%E0%A6%B0.jpg,,Wikidata,http://www.wikidata.org/entity/Q38079954
Q31724215,বলিহার রাজবাড়ী,বাংলাদেশের প্রত্নতাত্ত্বিক স্থাপনা,88.808594055,24.846767991,http://commons.wikimedia.org/wiki/Special:FilePath/%E0%A6%AC%E0%A6%B2%E0%A6%BF%E0%A6%B9%E0%A6%BE%E0%A6%B0%20%E0%A6%9C%E0%A6%AE%E0%A6%BF%E0%A6%A6%E0%A6%BE%E0%A6%B0%20%E0%A6%AC%E0%A6%BE%E0%A6%A1%E0%A6%BC%E0%A7%80%20%E0%A6%B0%E0%A6%BE%E0%A6%9C%E0%A6%B0%E0%A6%BE%E0%A6%9C%E0%A7%87%E0%A6%B6%E0%A7%8D%E0%A6%AC%E0%A6%B0%E0%A7%80%20%E0%A6%A6%E0%A7%87%E0%A6%AC%E0%A7%80%E0%A6%B0%20%E0%A6%AE%E0%A6%A8%E0%A7%8D%E0%A6%A6%E0%A6%BF%E0%A6%B0.jpg,,Wikidata,http://www.wikidata.org/entity/Q31724215
Q138732335,গোরার মসজিদ,বাংলাদেশের মসজিদ,89.142077,23.303145,http://commons.wikimedia.org/wiki/Special:FilePath/%E0%A6%97%E0%A7%8B%E0%A6%A1%E0%A6%BC%E0%A6%BE%E0%A6%B0%20%E0%A6%AE%E0%A6%B8%E0%A6%9C%E0%A6%BF%E0%A6%A6-03.jpg,https://en.wikipedia.org/wiki/Gorar_Mosque,Wikidata,http://www.wikidata.org/entity/Q138732335
Q27215228,এগারো শিব মন্দির,বাংলাদেশের যশোর জেলায় অবস্থিত প্রাচীন মন্দির ও প্রত্নতাত্ত্বিক স্থাপনা,89.433234,23.009747,http://commons.wikimedia.org/wiki/Special:FilePath/%E0%A6%8F%E0%A6%97%E0%A6%BE%E0%A6%B0%E0%A7%8B%20%E0%A6%B6%E0%A6%BF%E0%A6%AC%20%E0%A6%AE%E0%A6%A8%E0%A7%8D%E0%A6%A6%E0%A6%BF%E0%A6%B0%E0%A7%87%E0%A6%B0%20%E0%A6%95%E0%A6%AF%E0%A6%BC%E0%A7%87%E0%A6%95%E0%A6%9F%E0%A7%80%20%E0%A6%AE%E0%A6%A8%E0%A7%8D%E0%A6%A6%E0%A6%BF%E0%A6%B0-%E0%A7%A8.jpg,,Wikidata,http://www.wikidata.org/entity/Q27215228
Q16345035,ইটাখোলা মুড়া,বাংলাদেশের কুমিল্লা জেলার একটি প্রত্নস্থান।,91.1271622,23.4388217,http://commons.wikimedia.org/wiki/Special:FilePath/%E0%A6%87%E0%A6%9F%E0%A6%BE%E0%A6%96%E0%A7%8B%E0%A6%B2%E0%A6%BE%20%E0%A6%AE%E0%A7%81%E0%A6%A1%E0%A6%BC%E0%A6%BE112312.jpg,,Wikidata,http://www.wikidata.org/entity/Q16345035
Q27215504,মসজিদকুঁড় মসজিদ,খুলনা জেলার কয়রা উপজেলায় অবস্থিত বাংলাদেশের অন্যতম একটি প্রত্নতাত্ত্বিক নিদর্শন ও দর্শনীয় স্থান,89.285527777,22.478888888,http://commons.wikimedia.org/wiki/Special:FilePath/Mosjid%20Kur%27s%20Back%20View.jpg,https://en.wikipedia.org/wiki/Masjidkur_Mosque,Wikidata,http://www.wikidata.org/entity/Q27215504
Q13058532,পানাম নগর,নারায়ণগঞ্জ জেলার সোনারগাঁতে অবস্থিত ঐতিহ্যবাহী প্রাচীন শহর,90.6032983,23.6558359,http://commons.wikimedia.org/wiki/Special:FilePath/Panam%20City%2004.jpg,https://en.wikipedia.org/wiki/Panam_Nagar,Wikidata,http://www.wikidata.org/entity/Q13058532
Q27459148,ভিমের পান্টি,নওগাঁ জেলার ধামইরহাট উপজেলায় অবস্থিত প্রাচীন একটি স্তম্ভ ও সংরক্ষিত পরাকীর্তি,88.934527777,25.105361111,http://commons.wikimedia.org/wiki/Special:FilePath/%E0%A6%AD%E0%A6%BF%E0%A6%AE%E0%A7%87%E0%A6%B0%20%E0%A6%AA%E0%A6%BE%E0%A6%A8%E0%A7%8D%E0%A6%9F%E0%A6%BF.jpg,,Wikidata,http://www.wikidata.org/entity/Q27459148
Q13056967,আনন্দবিহার,বাংলাদেশের কুমিল্লা জেলার লালমাই-ময়নামতি প্রত্নস্থলের প্রাচীন সভ্যতার একটি নিদর্শন।,91.1274697,23.4493711,http://commons.wikimedia.org/wiki/Special:FilePath/114%20Passing%20with%20Ananda%20and%20Mahakassapa%20%2820416629116%29.jpg,https://en.wikipedia.org/wiki/Ananda_Vihara,Wikidata,http://www.wikidata.org/entity/Q13056967
Q56085884,কর্নেলের মুড়া,বাংলাদেশের কুমিল্লা জেলার প্রাচীন সভ্যতার নিদর্শন।,91.1287906,23.4395177,,,Wikidata,http://www.wikidata.org/entity/Q56085884
Q31724619,অগ্রপুরী বিহার,প্রাচীন স্থাপনা,88.703944444,25.178055555,,,Wikidata,http://www.wikidata.org/entity/Q31724619
Q27098211,মিঠাপুকুর বড় মসজিদ,বাংলাদেশের মসজিদ,89.2695,25.5783,http://commons.wikimedia.org/wiki/Special:FilePath/%E0%A6%AE%E0%A6%BF%E0%A6%A0%E0%A6%BE%E0%A6%AA%E0%A7%81%E0%A6%95%E0%A7%81%E0%A6%B0%20%E0%A6%AC%E0%A6%A1%E0%A6%BC%20%E0%A6%AE%E0%A6%B8%E0%A6%9C%E0%A6%BF%E0%A6%A6%E0%A7%87%E0%A6%B0%20%E0%A6%B8%E0%A6%BE%E0%A6%AE%E0%A6%A8%E0%A7%87%20%E0%A6%B0%E0%A6%BE%E0%A6%B8%E0%A7%8D%E0%A6%A4%E0%A6%BE%20%E0%A6%A5%E0%A7%87%E0%A6%95%E0%A7%87%20%E0%A6%A6%E0%A7%83%E0%A6%B6%E0%A7%8D%E0%A6%AF.png,https://en.wikipedia.org/wiki/Mithapukur_Mosque,Wikidata,http://www.wikidata.org/entity/Q27098211
Q25588540,গোকুল মেধ,বগুড়ার একটি প্রত্নস্থল,89.201,24.5609,http://commons.wikimedia.org/wiki/Special:FilePath/Gokul%20Medh%2006.jpg,https://en.wikipedia.org/wiki/Gokul_Medh,Wikidata,http://www.wikidata.org/entity/Q25588540
Q24896853,রবীন্দ্র কাছারি বাড়ি,পুরাকীর্তি ও বিশ্বকবি রবীন্দ্রনাথ ঠাকুরের স্মৃতি বিজড়িত স্থান,89.5939,24.1752,http://commons.wikimedia.org/wiki/Special:FilePath/Rabindra%20Kachari%20Bari%20%28Shahzadpur%29%2001.jpg,https://en.wikipedia.org/wiki/Shahjadpur_Kachharibari,Wikidata,http://www.wikidata.org/entity/Q24896853
Q126325987,দারাস বাড়ী মাদ্রাসা,Archaeological ruins in Bangladesh,88.13824785,24.833534253,http://commons.wikimedia.org/wiki/Special:FilePath/Darashbari%20Madrasha%201.jpg,,Wikidata,http://www.wikidata.org/entity/Q126325987
Q29838798,চারপত্র মুড়া,বাংলাদেশের কুমিল্লা জেলার প্রাচীন প্রত্নতাত্ত্বিক নিদর্শনস্থল,91.1247131,23.4389548,,,Wikidata,http://www.wikidata.org/entity/Q29838798
Q25588508,পরশুরামের প্রাসাদ,বাংলাদেশের  প্রত্নতাত্ত্বিক স্থাপনা,89.33333333,24.95,http://commons.wikimedia.org/wiki/Special:FilePath/Place%20of%20parshuram%20%286%29.jpg,,Wikidata,http://www.wikidata.org/entity/Q25588508
Q27215707,স্যার প্রফুল্ল চন্দ্র রায়ের বাড়ি,খুলনা জেলার পাইকগাছা উপজেলায় অবস্থিত বাংলাদেশের অন্যতম একটি প্রত্নতাত্ত্বিক স্থাপনা,89.2641452,22.6276016,http://commons.wikimedia.org/wiki/Special:FilePath/House%20of%20Sir%20Prafulla%20Chandra%20Roy%20Inside%20View.jpg,,Wikidata,http://www.wikidata.org/entity/Q27215707
